name	unit	short_desc	long_desc
geo/well_left/flow	GPM	geothermal flow, left well loop	Geothermal flow for left well loop.
geo/well_right/flow	GPM	geothermal flow, right well loop	Geothermal flow for right well loop.
geo/well_common/flow	GPM	geothermal flow, common (mixed) well loop	Geothermal flow for common (mixed) well loop.
geo/well_left/supply_temperature	F	geothermal supply temperature, left well, into the heat-pump evaporator/condenser	Geothermal supply temperature for left well, into the heat-pump evaporator/condenser.
geo/well_left/return_temperature	F	geothermal return temperature, left well, returning from the heat pump	Geothermal return temperature for left well, returning from the heat pump.
geo/well_right/supply_temperature	F	geothermal supply temperature, right well, into the heat-pump evaporator/condenser	Geothermal supply temperature for right well, into the heat-pump evaporator/condenser.
geo/well_right/return_temperature	F	geothermal return temperature, right well, returning from the heat pump	Geothermal return temperature for right well, returning from the heat pump.
geo/well_common/supply_temperature	F	geothermal supply temperature, common (mixed) well, into the heat-pump evaporator/condenser	Geothermal supply temperature for common (mixed) well, into the heat-pump evaporator/condenser.
geo/well_common/return_temperature	F	geothermal return temperature, common (mixed) well, returning from the heat pump	Geothermal return temperature for common (mixed) well, returning from the heat pump.
geo/well_left/energy	kBTU/h	geothermal energy, left well loop	Geothermal energy for left well loop. 3 geothermal-well meters [han24, Table 3] sensors total. Missing-data: Y1 0%, Y2 0%. Sources: [han24] Han et al. 2024, "A two-year dataset of energy, environment, and system operations for an ultra-low energy office building", Sci Data 11:938. https://doi.org/10.1038/s41597-024-03770-7.
geo/well_right/energy	kBTU/h	geothermal energy, right well loop	Geothermal energy for right well loop. 3 geothermal-well meters [han24, Table 3] sensors total. Missing-data: Y1 0%, Y2 0%. Sources: [han24] Han et al. 2024, "A two-year dataset of energy, environment, and system operations for an ultra-low energy office building", Sci Data 11:938. https://doi.org/10.1038/s41597-024-03770-7.
geo/well_common/energy	kBTU/h	geothermal energy, common (mixed) well loop	Geothermal energy for common (mixed) well loop. 3 geothermal-well meters [han24, Table 3] sensors total. Missing-data: Y1 0%, Y2 0%. Sources: [han24] Han et al. 2024, "A two-year dataset of energy, environment, and system operations for an ultra-low energy office building", Sci Data 11:938. https://doi.org/10.1038/s41597-024-03770-7.
tabs/Z01/flow	GPM	TABS water flow rate, zone Z01 (basement)	TABS water flow rate for zone Z01 (basement).
tabs/Z02_Z03_Z04_Z05/flow	GPM	TABS water flow rate, zone Z02_Z03_Z04_Z05 (basement)	TABS water flow rate for zone Z02_Z03_Z04_Z05 (basement).
tabs/Z11_Z12_Z13/flow	GPM	TABS water flow rate, zone Z11_Z12_Z13 (1st floor)	TABS water flow rate for zone Z11_Z12_Z13 (1st floor).
tabs/Z14_Z15_Z16_Z17/flow	GPM	TABS water flow rate, zone Z14_Z15_Z16_Z17 (1st floor)	TABS water flow rate for zone Z14_Z15_Z16_Z17 (1st floor).
tabs/Z21_Z22_Z23_Z24_Z25_Z26_Z27/flow	GPM	TABS water flow rate, zone Z21_Z22_Z23_Z24_Z25_Z26_Z27 (2nd floor)	TABS water flow rate for zone Z21_Z22_Z23_Z24_Z25_Z26_Z27 (2nd floor).
tabs/Z31/flow	GPM	TABS water flow rate, zone Z31 (3rd floor)	TABS water flow rate for zone Z31 (3rd floor).
tabs/Z32_Z33/flow	GPM	TABS water flow rate, zone Z32_Z33 (3rd floor)	TABS water flow rate for zone Z32_Z33 (3rd floor).
tabs/Z01/supply_temperature	F	TABS supply water temperature, zone Z01 (basement)	TABS supply water temperature for zone Z01 (basement).
tabs/Z01/return_temperature	F	TABS return water temperature, zone Z01 (basement)	TABS return water temperature for zone Z01 (basement).
tabs/Z02_Z03_Z04_Z05/supply_temperature	F	TABS supply water temperature, zone Z02_Z03_Z04_Z05 (basement)	TABS supply water temperature for zone Z02_Z03_Z04_Z05 (basement).
tabs/Z02_Z03_Z04_Z05/return_temperature	F	TABS return water temperature, zone Z02_Z03_Z04_Z05 (basement)	TABS return water temperature for zone Z02_Z03_Z04_Z05 (basement).
tabs/Z11_Z12_Z13/supply_temperature	F	TABS supply water temperature, zone Z11_Z12_Z13 (1st floor)	TABS supply water temperature for zone Z11_Z12_Z13 (1st floor).
tabs/Z11_Z12_Z13/return_temperature	F	TABS return water temperature, zone Z11_Z12_Z13 (1st floor)	TABS return water temperature for zone Z11_Z12_Z13 (1st floor).
tabs/Z14_Z15_Z16_Z17/supply_temperature	F	TABS supply water temperature, zone Z14_Z15_Z16_Z17 (1st floor)	TABS supply water temperature for zone Z14_Z15_Z16_Z17 (1st floor).
tabs/Z14_Z15_Z16_Z17/return_temperature	F	TABS return water temperature, zone Z14_Z15_Z16_Z17 (1st floor)	TABS return water temperature for zone Z14_Z15_Z16_Z17 (1st floor).
tabs/Z21_Z22_Z23_Z24_Z25_Z26_Z27/supply_temperature	F	TABS supply water temperature, zone Z21_Z22_Z23_Z24_Z25_Z26_Z27 (2nd floor)	TABS supply water temperature for zone Z21_Z22_Z23_Z24_Z25_Z26_Z27 (2nd floor).
tabs/Z21_Z22_Z23_Z24_Z25_Z26_Z27/return_temperature	F	TABS return water temperature, zone Z21_Z22_Z23_Z24_Z25_Z26_Z27 (2nd floor)	TABS return water temperature for zone Z21_Z22_Z23_Z24_Z25_Z26_Z27 (2nd floor).
tabs/Z31/supply_temperature	F	TABS supply water temperature, zone Z31 (3rd floor)	TABS supply water temperature for zone Z31 (3rd floor).
tabs/Z31/return_temperature	F	TABS return water temperature, zone Z31 (3rd floor)	TABS return water temperature for zone Z31 (3rd floor).
tabs/Z32_Z33/supply_temperature	F	TABS supply water temperature, zone Z32_Z33 (3rd floor)	TABS supply water temperature for zone Z32_Z33 (3rd floor).
tabs/Z32_Z33/return_temperature	F	TABS return water temperature, zone Z32_Z33 (3rd floor)	TABS return water temperature for zone Z32_Z33 (3rd floor).
tabs/Z01/energy	kBTU/h	TABS energy delivered, zone Z01 (basement)	TABS energy delivered for zone Z01 (basement). 10 BTU meters total across geo + tabs [han24, Table 3] sensors total. Missing-data: Y1 0%, Y2 0%. Computed by the BTU meter from supply/return T and flow. The second-floor BTU is a floor-aggregate measurement (return water temperature read for the whole floor, not per-zone), so the Z21–Z27 group shares a single energy reading [report, "Notices"]. Sources: [han24] Han et al. 2024, "A two-year dataset of energy, environment, and system operations for an ultra-low energy office building", Sci Data 11:938. https://doi.org/10.1038/s41597-024-03770-7; [report] Data Report.pdf (extras/Data Report/) — per-sensor missing-period tables, Appendix Table A operational accuracy/range, system-sensor notices.
tabs/Z02_Z03_Z04_Z05/energy	kBTU/h	TABS energy delivered, zone Z02_Z03_Z04_Z05 (basement)	TABS energy delivered for zone Z02_Z03_Z04_Z05 (basement). 10 BTU meters total across geo + tabs [han24, Table 3] sensors total. Missing-data: Y1 0%, Y2 0%. Computed by the BTU meter from supply/return T and flow. The second-floor BTU is a floor-aggregate measurement (return water temperature read for the whole floor, not per-zone), so the Z21–Z27 group shares a single energy reading [report, "Notices"]. Sources: [han24] Han et al. 2024, "A two-year dataset of energy, environment, and system operations for an ultra-low energy office building", Sci Data 11:938. https://doi.org/10.1038/s41597-024-03770-7; [report] Data Report.pdf (extras/Data Report/) — per-sensor missing-period tables, Appendix Table A operational accuracy/range, system-sensor notices.
tabs/Z11_Z12_Z13/energy	kBTU/h	TABS energy delivered, zone Z11_Z12_Z13 (1st floor)	TABS energy delivered for zone Z11_Z12_Z13 (1st floor). 10 BTU meters total across geo + tabs [han24, Table 3] sensors total. Missing-data: Y1 0%, Y2 0%. Computed by the BTU meter from supply/return T and flow. The second-floor BTU is a floor-aggregate measurement (return water temperature read for the whole floor, not per-zone), so the Z21–Z27 group shares a single energy reading [report, "Notices"]. Sources: [han24] Han et al. 2024, "A two-year dataset of energy, environment, and system operations for an ultra-low energy office building", Sci Data 11:938. https://doi.org/10.1038/s41597-024-03770-7; [report] Data Report.pdf (extras/Data Report/) — per-sensor missing-period tables, Appendix Table A operational accuracy/range, system-sensor notices.
tabs/Z14_Z15_Z16_Z17/energy	kBTU/h	TABS energy delivered, zone Z14_Z15_Z16_Z17 (1st floor)	TABS energy delivered for zone Z14_Z15_Z16_Z17 (1st floor). 10 BTU meters total across geo + tabs [han24, Table 3] sensors total. Missing-data: Y1 0%, Y2 0%. Computed by the BTU meter from supply/return T and flow. The second-floor BTU is a floor-aggregate measurement (return water temperature read for the whole floor, not per-zone), so the Z21–Z27 group shares a single energy reading [report, "Notices"]. Sources: [han24] Han et al. 2024, "A two-year dataset of energy, environment, and system operations for an ultra-low energy office building", Sci Data 11:938. https://doi.org/10.1038/s41597-024-03770-7; [report] Data Report.pdf (extras/Data Report/) — per-sensor missing-period tables, Appendix Table A operational accuracy/range, system-sensor notices.
tabs/Z21_Z22_Z23_Z24_Z25_Z26_Z27/energy	kBTU/h	TABS energy delivered, zone Z21_Z22_Z23_Z24_Z25_Z26_Z27 (2nd floor)	TABS energy delivered for zone Z21_Z22_Z23_Z24_Z25_Z26_Z27 (2nd floor). 10 BTU meters total across geo + tabs [han24, Table 3] sensors total. Missing-data: Y1 0%, Y2 0%. Computed by the BTU meter from supply/return T and flow. The second-floor BTU is a floor-aggregate measurement (return water temperature read for the whole floor, not per-zone), so the Z21–Z27 group shares a single energy reading [report, "Notices"]. Sources: [han24] Han et al. 2024, "A two-year dataset of energy, environment, and system operations for an ultra-low energy office building", Sci Data 11:938. https://doi.org/10.1038/s41597-024-03770-7; [report] Data Report.pdf (extras/Data Report/) — per-sensor missing-period tables, Appendix Table A operational accuracy/range, system-sensor notices.
tabs/Z31/energy	kBTU/h	TABS energy delivered, zone Z31 (3rd floor)	TABS energy delivered for zone Z31 (3rd floor). 10 BTU meters total across geo + tabs [han24, Table 3] sensors total. Missing-data: Y1 0%, Y2 0%. Computed by the BTU meter from supply/return T and flow. The second-floor BTU is a floor-aggregate measurement (return water temperature read for the whole floor, not per-zone), so the Z21–Z27 group shares a single energy reading [report, "Notices"]. Sources: [han24] Han et al. 2024, "A two-year dataset of energy, environment, and system operations for an ultra-low energy office building", Sci Data 11:938. https://doi.org/10.1038/s41597-024-03770-7; [report] Data Report.pdf (extras/Data Report/) — per-sensor missing-period tables, Appendix Table A operational accuracy/range, system-sensor notices.
tabs/Z32_Z33/energy	kBTU/h	TABS energy delivered, zone Z32_Z33 (3rd floor)	TABS energy delivered for zone Z32_Z33 (3rd floor). 10 BTU meters total across geo + tabs [han24, Table 3] sensors total. Missing-data: Y1 0%, Y2 0%. Computed by the BTU meter from supply/return T and flow. The second-floor BTU is a floor-aggregate measurement (return water temperature read for the whole floor, not per-zone), so the Z21–Z27 group shares a single energy reading [report, "Notices"]. Sources: [han24] Han et al. 2024, "A two-year dataset of energy, environment, and system operations for an ultra-low energy office building", Sci Data 11:938. https://doi.org/10.1038/s41597-024-03770-7; [report] Data Report.pdf (extras/Data Report/) — per-sensor missing-period tables, Appendix Table A operational accuracy/range, system-sensor notices.
outdoor/facade/north/low	F	facade temperature, north facade, low elevation	Facade temperature for north facade, low elevation. 9 [han24, Table 3] sensors total. Missing-data: Y1 6.37%, Y2 12.73%. Highest-failure-rate sensor group [han24, Table 4: "Façade sensor issue"]. Correction: [han24] states facade temperature is in °C, but observed values are clearly Fahrenheit (similar to slab); gen_names.py records the unit as F. Sources: [han24] Han et al. 2024, "A two-year dataset of energy, environment, and system operations for an ultra-low energy office building", Sci Data 11:938. https://doi.org/10.1038/s41597-024-03770-7.
outdoor/facade/north/high	F	facade temperature, north facade, high elevation	Facade temperature for north facade, high elevation. 9 [han24, Table 3] sensors total. Missing-data: Y1 6.37%, Y2 12.73%. Highest-failure-rate sensor group [han24, Table 4: "Façade sensor issue"]. Correction: [han24] states facade temperature is in °C, but observed values are clearly Fahrenheit (similar to slab); gen_names.py records the unit as F. Sources: [han24] Han et al. 2024, "A two-year dataset of energy, environment, and system operations for an ultra-low energy office building", Sci Data 11:938. https://doi.org/10.1038/s41597-024-03770-7.
outdoor/facade/east/low	F	facade temperature, east facade, low elevation	Facade temperature for east facade, low elevation. 9 [han24, Table 3] sensors total. Missing-data: Y1 6.37%, Y2 12.73%. Highest-failure-rate sensor group [han24, Table 4: "Façade sensor issue"]. Correction: [han24] states facade temperature is in °C, but observed values are clearly Fahrenheit (similar to slab); gen_names.py records the unit as F. Sources: [han24] Han et al. 2024, "A two-year dataset of energy, environment, and system operations for an ultra-low energy office building", Sci Data 11:938. https://doi.org/10.1038/s41597-024-03770-7.
outdoor/facade/east/high	F	facade temperature, east facade, high elevation	Facade temperature for east facade, high elevation. 9 [han24, Table 3] sensors total. Missing-data: Y1 6.37%, Y2 12.73%. Highest-failure-rate sensor group [han24, Table 4: "Façade sensor issue"]. Correction: [han24] states facade temperature is in °C, but observed values are clearly Fahrenheit (similar to slab); gen_names.py records the unit as F. Sources: [han24] Han et al. 2024, "A two-year dataset of energy, environment, and system operations for an ultra-low energy office building", Sci Data 11:938. https://doi.org/10.1038/s41597-024-03770-7.
outdoor/facade/south/low	F	facade temperature, south facade, low elevation	Facade temperature for south facade, low elevation. 9 [han24, Table 3] sensors total. Missing-data: Y1 6.37%, Y2 12.73%. Highest-failure-rate sensor group [han24, Table 4: "Façade sensor issue"]. Correction: [han24] states facade temperature is in °C, but observed values are clearly Fahrenheit (similar to slab); gen_names.py records the unit as F. Sources: [han24] Han et al. 2024, "A two-year dataset of energy, environment, and system operations for an ultra-low energy office building", Sci Data 11:938. https://doi.org/10.1038/s41597-024-03770-7.
outdoor/facade/south/mid	F	facade temperature, south facade, mid elevation	Facade temperature for south facade, mid elevation. 9 [han24, Table 3] sensors total. Missing-data: Y1 6.37%, Y2 12.73%. Highest-failure-rate sensor group [han24, Table 4: "Façade sensor issue"]. Correction: [han24] states facade temperature is in °C, but observed values are clearly Fahrenheit (similar to slab); gen_names.py records the unit as F. Sources: [han24] Han et al. 2024, "A two-year dataset of energy, environment, and system operations for an ultra-low energy office building", Sci Data 11:938. https://doi.org/10.1038/s41597-024-03770-7.
outdoor/facade/south/high	F	facade temperature, south facade, high elevation	Facade temperature for south facade, high elevation. 9 [han24, Table 3] sensors total. Missing-data: Y1 6.37%, Y2 12.73%. Highest-failure-rate sensor group [han24, Table 4: "Façade sensor issue"]. Correction: [han24] states facade temperature is in °C, but observed values are clearly Fahrenheit (similar to slab); gen_names.py records the unit as F. Sources: [han24] Han et al. 2024, "A two-year dataset of energy, environment, and system operations for an ultra-low energy office building", Sci Data 11:938. https://doi.org/10.1038/s41597-024-03770-7.
outdoor/facade/west/high_left	F	facade temperature, west facade, high_left elevation	Facade temperature for west facade, high_left elevation. 9 [han24, Table 3] sensors total. Missing-data: Y1 6.37%, Y2 12.73%. Highest-failure-rate sensor group [han24, Table 4: "Façade sensor issue"]. Correction: [han24] states facade temperature is in °C, but observed values are clearly Fahrenheit (similar to slab); gen_names.py records the unit as F. Sources: [han24] Han et al. 2024, "A two-year dataset of energy, environment, and system operations for an ultra-low energy office building", Sci Data 11:938. https://doi.org/10.1038/s41597-024-03770-7.
outdoor/facade/west/high_right	F	facade temperature, west facade, high_right elevation	Facade temperature for west facade, high_right elevation. 9 [han24, Table 3] sensors total. Missing-data: Y1 6.37%, Y2 12.73%. Highest-failure-rate sensor group [han24, Table 4: "Façade sensor issue"]. Correction: [han24] states facade temperature is in °C, but observed values are clearly Fahrenheit (similar to slab); gen_names.py records the unit as F. Sources: [han24] Han et al. 2024, "A two-year dataset of energy, environment, and system operations for an ultra-low energy office building", Sci Data 11:938. https://doi.org/10.1038/s41597-024-03770-7.
outdoor/weather/solar_radiation	W/m^2	solar radiation (global horizontal irradiance), rooftop pyranometer	Solar radiation (global horizontal irradiance) for rooftop pyranometer. Sensor: unknown (accuracy ±10 W/m² or ±5%, whichever is larger [report, Appendix Table A], range 0 to 1280 W/m² [report, Appendix Table A]). Missing-data: Y1 0%, Y2 0%. Sources: [report] Data Report.pdf (extras/Data Report/) — per-sensor missing-period tables, Appendix Table A operational accuracy/range, system-sensor notices.
load/heat_pump/total	kW	heat-pump electrical load	Electrical load of the heat pump (mechanical-side draw). Part of the 19-meter breakdown-loads bank [report, System Sensors table]. Sources: [report] Data Report.pdf (extras/Data Report/) — System Sensors table, Appendix Table A.
load/heat_pump/electric	kW	heat pump compressor electric load	Heat pump compressor electric load. In paper Fig 9/10 the "Heat Pump" line aggregates this column with loads/heating [han24, Figs 9 & 10]. Fig 8 pie bucket: Heating. Sources: [han24] Han et al. 2024, "A two-year dataset of energy, environment, and system operations for an ultra-low energy office building", Sci Data 11:938. https://doi.org/10.1038/s41597-024-03770-7.
load/cooling_pump	kW	cooling-pump electrical load	Electrical load of the cooling pump. Part of the 19-meter breakdown-loads bank [report, System Sensors table]. Sources: [report] Data Report.pdf (extras/Data Report/) — System Sensors table.
load/dhw/electric	kW	domestic hot water (electric backup)	Domestic hot water (electric backup). Spelled "EHW" in the source CSVs. Fig 8 pie bucket: DHW.
load/dhw/solar	kW	solar hot water (rooftop collectors)	Solar hot water (rooftop collectors). Spelled "SHW" in Y1 CSVs and "Solar_hot_water_load (kW)" in Y2 — both map to this canonical. Solar-hot-water loop offline 3/14–8/16/2023; from 8/16–9/5/2023 it was powered from the basement breaker, adding ~5 kWh to basement plug load [han24, Table 4]. Fig 8 pie bucket: DHW. Sources: [han24] Han et al. 2024, "A two-year dataset of energy, environment, and system operations for an ultra-low energy office building", Sci Data 11:938. https://doi.org/10.1038/s41597-024-03770-7.
load/lighting/basement	kW	lighting load, basement	Lighting electrical load for the basement (level 0). One of four per-floor lighting sub-meters in the breakdown-loads bank [report, System Sensors table]. Sources: [report] Data Report.pdf (extras/Data Report/).
load/lighting/floor1	kW	lighting load, 1st floor	Lighting electrical load for the 1st floor (level 1). One of four per-floor lighting sub-meters [report, System Sensors table]. Sources: [report] Data Report.pdf (extras/Data Report/).
load/lighting/floor2	kW	lighting load, 2nd floor	Lighting electrical load for the 2nd floor (level 2, open-plan office). One of four per-floor lighting sub-meters [report, System Sensors table]. Sources: [report] Data Report.pdf (extras/Data Report/).
load/lighting/floor3	kW	lighting load, 3rd floor	Lighting electrical load for the 3rd floor (level 3). One of four per-floor lighting sub-meters [report, System Sensors table]. Sources: [report] Data Report.pdf (extras/Data Report/).
load/emergency_lighting	kW	emergency / egress lighting	Emergency / egress lighting. In paper Fig 8 pie, this rolls up under "Others", not "Lighting" [han24, Fig 8]. Fig 8 pie bucket: Others. Sources: [han24] Han et al. 2024, "A two-year dataset of energy, environment, and system operations for an ultra-low energy office building", Sci Data 11:938. https://doi.org/10.1038/s41597-024-03770-7.
load/plug/basement	kW	plug load, basement	Plug load, basement. 8/16–9/5/2023 includes ~5 kWh added by the temporarily-relocated solar-hot-water circuit [han24, Table 4]. Fig 8 pie bucket: Plug load. Sources: [han24] Han et al. 2024, "A two-year dataset of energy, environment, and system operations for an ultra-low energy office building", Sci Data 11:938. https://doi.org/10.1038/s41597-024-03770-7.
load/plug/floor1	kW	plug load, 1st floor	Plug load, 1st floor. Fig 8 pie bucket: Plug load.
load/plug/floor2	kW	plug load, 2nd floor	Plug load, 2nd floor. Fig 8 pie bucket: Plug load.
load/plug/floor3	kW	plug load, 3rd floor	Plug load, 3rd floor. Fig 8 pie bucket: Plug load.
load/controls	kW	building controls electric load	Building controls electric load. Fig 8 pie bucket: Controls.
load/it	kW	IT load	IT load. Largest single end-use category in both Y1 and Y2 — 42% of annual building electricity in Y1, 44% in Y2 [han24, Fig 8]. Fig 8 pie bucket: IT. Sources: [han24] Han et al. 2024, "A two-year dataset of energy, environment, and system operations for an ultra-low energy office building", Sci Data 11:938. https://doi.org/10.1038/s41597-024-03770-7.
load/fire_alarm	kW	fire alarm panel	Fire alarm panel. Fig 8 pie bucket: Others.
load/elevator	kW	elevator (drive + cab)	Elevator (drive + cab). Undocumented anomaly: a continuous ~0.108 kWh/h phantom standby load runs from the start of the record until exactly 2022-10-31 09:00, then drops to 0 in three hours and stays at 0 except for real ride pulses. Looks like cab-lighting / hydraulic-standby left on; not flagged in [han24, Table 4]. Treat the Jun–Oct 2022 window as unusable for occupancy analysis. [obs2026]. Fig 8 pie bucket: Others. Sources: [han24] Han et al. 2024, "A two-year dataset of energy, environment, and system operations for an ultra-low energy office building", Sci Data 11:938. https://doi.org/10.1038/s41597-024-03770-7; [obs2026] direct observation of the released CSV values during analysis (2026).
load/exhaust_fan	kW	exhaust fan	Exhaust fan. Fig 8 pie bucket: Others.
load/sump_pump	kW	sump pump, basement	Sump pump for basement. Fig 8 pie bucket: Others.
load/battery_cabinet	kW	battery cabinet (UPS)	Battery cabinet (UPS). Fig 8 pie bucket: Others.
load/solar_rapid_shutdown	kW	PV rapid-shutdown standby circuit	PV rapid-shutdown standby circuit. Fig 8 pie bucket: Others.
pv/meter1	kW	PV array production, meter 1, rooftop, AC-side	PV array production, meter 1 for rooftop, AC-side. 2 PV meters [han24, Table 3] sensors total. Missing-data: Y1 1.96%, Y2 0%. A higher-efficiency inverter installed in early 2023 raised the PV/insolation ratio from March 2023 onward [han24, "Photovoltaic" section]. Sources: [han24] Han et al. 2024, "A two-year dataset of energy, environment, and system operations for an ultra-low energy office building", Sci Data 11:938. https://doi.org/10.1038/s41597-024-03770-7.
pv/meter2	kW	PV array production, meter 2, rooftop, AC-side	PV array production, meter 2 for rooftop, AC-side. 2 PV meters [han24, Table 3] sensors total. Missing-data: Y1 0%, Y2 0%. Notable connection-issue periods filled to 0 in the released CSVs [load_nb, miss_intervals; han24, Table 4]. Sources: [han24] Han et al. 2024, "A two-year dataset of energy, environment, and system operations for an ultra-low energy office building", Sci Data 11:938. https://doi.org/10.1038/s41597-024-03770-7; [load_nb] HouseZero-two-year-dataset processing code, Load_Raw_Processing.ipynb (https://github.com/Harvard-CGBC-at-GSD/HouseZero-two-year-dataset-June-2022-May-2024-Processing-Code).
meter/net	kW	net electricity meter (utility tie)	Net electricity meter (utility tie). Signed reading: positive = drawing from grid, negative = exporting.
meter/import	kW	import meter (utility tie)	Import meter (utility tie). Cross-validation against meters/net plus the load breakdown.
meter/export	kW	export meter (utility tie)	Export meter (utility tie). Nonzero only when PV production exceeds building load.
outdoor/weather/air_temperature	F	outdoor air temperature, on-site 'gund' weather station	Outdoor air temperature for on-site 'gund' weather station. Sensor: Siemens 1000 Ω Pt RTD, analog [sensorinfo, "Outdoor Temperature" spec sheet] (accuracy ±0.20–0.25°C across -40–75°C [report, Appendix Table A], range -40 to 75°C [report, Appendix Table A]). Missing-data: Y1 0%, Y2 0%. Two weather stations operate independently (one on the HouseZero roof, one on a nearby building) and their readings are cross-checked [han24, Data Records section]. Sources: [sensorinfo] HZ_Sensors_info.pdf — HouseZero sensor reference manual (Harvard CGBC), spec sheets and floor-plan markers; [report] Data Report.pdf (extras/Data Report/) — per-sensor missing-period tables, Appendix Table A operational accuracy/range, system-sensor notices; [han24] Han et al. 2024, "A two-year dataset of energy, environment, and system operations for an ultra-low energy office building", Sci Data 11:938. https://doi.org/10.1038/s41597-024-03770-7.
outdoor/weather/wind_speed	m/s	wind speed, on-site weather station	Wind speed from the on-site 'gund' weather station. Accuracy ±0.3 m/s below 3 m/s, ±1 m/s above 3 m/s [report, Appendix Table A]; range 0.3 to 75 m/s [report, Appendix Table A]. 2 sensors total [report, Outdoor Sensors table]. Sources: [report] Data Report.pdf (extras/Data Report/).
outdoor/weather/wind_direction	deg	wind direction, on-site weather station	Wind direction from the on-site 'gund' weather station. Accuracy ±2° [report, Appendix Table A]; range 0° to 359° [report, Appendix Table A]. 2 sensors total [report, Outdoor Sensors table]. Sources: [report] Data Report.pdf (extras/Data Report/).
outdoor/weather/rain		rainfall, on-site rain gauge	Rainfall for on-site rain gauge. Sensor: unknown. Missing-data: Y1 0%, Y2 1.02%.
outdoor/weather/humidity	%	outdoor relative humidity, on-site weather station	Outdoor relative humidity from the on-site 'gund' weather station. Accuracy ±2.5% from 10–90% RH (typical), up to ±3.5% [report, Appendix Table A]; range 0 to 100% [report, Appendix Table A]. 1 sensor [report, Outdoor Sensors table]. Sparsely populated (most rows empty). Sources: [report] Data Report.pdf (extras/Data Report/).
zone/Z01/co2	ppm	CO2 concentration, zone Z01 (basement)	CO2 concentration for zone Z01 (basement). Sensor: Siemens PL-Link semi-flush room sensor (QPA2x family) — capacitive humidity element with NDIR CO2 cell [sensorinfo, "Room Comfort" spec sheet] (accuracy ±50 ppm + 5% measured value [sensorinfo, "Room Comfort" spec sheet], range 0–5000 ppm [sensorinfo, "Room Comfort" spec sheet]). 15 [han24, Table 3] sensors total. Missing-data: Y1 2.04%, Y2 0%. Installed-system accuracy in [report, Appendix Table A] is wider: ±120 ppm at 300–1000 ppm, ±250 ppm at 1000–2000 ppm, ±300 ppm at 2000–5000 ppm; range 300–9999 ppm. Use these as the practical error bars rather than the sensor-element spec. Sources: [sensorinfo] HZ_Sensors_info.pdf — HouseZero sensor reference manual (Harvard CGBC), spec sheets and floor-plan markers; [han24] Han et al. 2024, "A two-year dataset of energy, environment, and system operations for an ultra-low energy office building", Sci Data 11:938. https://doi.org/10.1038/s41597-024-03770-7; [report] Data Report.pdf (extras/Data Report/) — per-sensor missing-period tables, Appendix Table A operational accuracy/range, system-sensor notices.
zone/Z03/co2	ppm	CO2 concentration, zone Z03 (basement)	CO2 concentration for zone Z03 (basement). Sensor: Siemens PL-Link semi-flush room sensor (QPA2x family) — capacitive humidity element with NDIR CO2 cell [sensorinfo, "Room Comfort" spec sheet] (accuracy ±50 ppm + 5% measured value [sensorinfo, "Room Comfort" spec sheet], range 0–5000 ppm [sensorinfo, "Room Comfort" spec sheet]). 15 [han24, Table 3] sensors total. Missing-data: Y1 2.04%, Y2 0%. Installed-system accuracy in [report, Appendix Table A] is wider: ±120 ppm at 300–1000 ppm, ±250 ppm at 1000–2000 ppm, ±300 ppm at 2000–5000 ppm; range 300–9999 ppm. Use these as the practical error bars rather than the sensor-element spec. Sources: [sensorinfo] HZ_Sensors_info.pdf — HouseZero sensor reference manual (Harvard CGBC), spec sheets and floor-plan markers; [han24] Han et al. 2024, "A two-year dataset of energy, environment, and system operations for an ultra-low energy office building", Sci Data 11:938. https://doi.org/10.1038/s41597-024-03770-7; [report] Data Report.pdf (extras/Data Report/) — per-sensor missing-period tables, Appendix Table A operational accuracy/range, system-sensor notices.
zone/Z04/co2	ppm	CO2 concentration, zone Z04 (basement)	CO2 concentration for zone Z04 (basement). Sensor: Siemens PL-Link semi-flush room sensor (QPA2x family) — capacitive humidity element with NDIR CO2 cell [sensorinfo, "Room Comfort" spec sheet] (accuracy ±50 ppm + 5% measured value [sensorinfo, "Room Comfort" spec sheet], range 0–5000 ppm [sensorinfo, "Room Comfort" spec sheet]). 15 [han24, Table 3] sensors total. Missing-data: Y1 2.04%, Y2 0%. Installed-system accuracy in [report, Appendix Table A] is wider: ±120 ppm at 300–1000 ppm, ±250 ppm at 1000–2000 ppm, ±300 ppm at 2000–5000 ppm; range 300–9999 ppm. Use these as the practical error bars rather than the sensor-element spec. Sources: [sensorinfo] HZ_Sensors_info.pdf — HouseZero sensor reference manual (Harvard CGBC), spec sheets and floor-plan markers; [han24] Han et al. 2024, "A two-year dataset of energy, environment, and system operations for an ultra-low energy office building", Sci Data 11:938. https://doi.org/10.1038/s41597-024-03770-7; [report] Data Report.pdf (extras/Data Report/) — per-sensor missing-period tables, Appendix Table A operational accuracy/range, system-sensor notices.
zone/Z05/co2	ppm	CO2 concentration, zone Z05 (basement)	CO2 concentration for zone Z05 (basement). Sensor: Siemens PL-Link semi-flush room sensor (QPA2x family) — capacitive humidity element with NDIR CO2 cell [sensorinfo, "Room Comfort" spec sheet] (accuracy ±50 ppm + 5% measured value [sensorinfo, "Room Comfort" spec sheet], range 0–5000 ppm [sensorinfo, "Room Comfort" spec sheet]). 15 [han24, Table 3] sensors total. Missing-data: Y1 2.04%, Y2 0%. Installed-system accuracy in [report, Appendix Table A] is wider: ±120 ppm at 300–1000 ppm, ±250 ppm at 1000–2000 ppm, ±300 ppm at 2000–5000 ppm; range 300–9999 ppm. Use these as the practical error bars rather than the sensor-element spec. Sources: [sensorinfo] HZ_Sensors_info.pdf — HouseZero sensor reference manual (Harvard CGBC), spec sheets and floor-plan markers; [han24] Han et al. 2024, "A two-year dataset of energy, environment, and system operations for an ultra-low energy office building", Sci Data 11:938. https://doi.org/10.1038/s41597-024-03770-7; [report] Data Report.pdf (extras/Data Report/) — per-sensor missing-period tables, Appendix Table A operational accuracy/range, system-sensor notices.
zone/Z11/co2	ppm	CO2 concentration, zone Z11 (1st floor)	CO2 concentration for zone Z11 (1st floor). Sensor: Siemens PL-Link semi-flush room sensor (QPA2x family) — capacitive humidity element with NDIR CO2 cell [sensorinfo, "Room Comfort" spec sheet] (accuracy ±50 ppm + 5% measured value [sensorinfo, "Room Comfort" spec sheet], range 0–5000 ppm [sensorinfo, "Room Comfort" spec sheet]). 15 [han24, Table 3] sensors total. Missing-data: Y1 2.04%, Y2 0%. Installed-system accuracy in [report, Appendix Table A] is wider: ±120 ppm at 300–1000 ppm, ±250 ppm at 1000–2000 ppm, ±300 ppm at 2000–5000 ppm; range 300–9999 ppm. Use these as the practical error bars rather than the sensor-element spec. Sources: [sensorinfo] HZ_Sensors_info.pdf — HouseZero sensor reference manual (Harvard CGBC), spec sheets and floor-plan markers; [han24] Han et al. 2024, "A two-year dataset of energy, environment, and system operations for an ultra-low energy office building", Sci Data 11:938. https://doi.org/10.1038/s41597-024-03770-7; [report] Data Report.pdf (extras/Data Report/) — per-sensor missing-period tables, Appendix Table A operational accuracy/range, system-sensor notices.
zone/Z12_Z13/co2	ppm	CO2 concentration, zone Z12_Z13 (1st floor)	CO2 concentration for zone Z12_Z13 (1st floor). Sensor: Siemens PL-Link semi-flush room sensor (QPA2x family) — capacitive humidity element with NDIR CO2 cell [sensorinfo, "Room Comfort" spec sheet] (accuracy ±50 ppm + 5% measured value [sensorinfo, "Room Comfort" spec sheet], range 0–5000 ppm [sensorinfo, "Room Comfort" spec sheet]). 15 [han24, Table 3] sensors total. Missing-data: Y1 2.04%, Y2 0%. Installed-system accuracy in [report, Appendix Table A] is wider: ±120 ppm at 300–1000 ppm, ±250 ppm at 1000–2000 ppm, ±300 ppm at 2000–5000 ppm; range 300–9999 ppm. Use these as the practical error bars rather than the sensor-element spec. Sources: [sensorinfo] HZ_Sensors_info.pdf — HouseZero sensor reference manual (Harvard CGBC), spec sheets and floor-plan markers; [han24] Han et al. 2024, "A two-year dataset of energy, environment, and system operations for an ultra-low energy office building", Sci Data 11:938. https://doi.org/10.1038/s41597-024-03770-7; [report] Data Report.pdf (extras/Data Report/) — per-sensor missing-period tables, Appendix Table A operational accuracy/range, system-sensor notices.
zone/Z15_Z16/co2	ppm	CO2 concentration, zone Z15_Z16 (1st floor)	CO2 concentration for zone Z15_Z16 (1st floor). Sensor: Siemens PL-Link semi-flush room sensor (QPA2x family) — capacitive humidity element with NDIR CO2 cell [sensorinfo, "Room Comfort" spec sheet] (accuracy ±50 ppm + 5% measured value [sensorinfo, "Room Comfort" spec sheet], range 0–5000 ppm [sensorinfo, "Room Comfort" spec sheet]). 15 [han24, Table 3] sensors total. Missing-data: Y1 2.04%, Y2 0%. Installed-system accuracy in [report, Appendix Table A] is wider: ±120 ppm at 300–1000 ppm, ±250 ppm at 1000–2000 ppm, ±300 ppm at 2000–5000 ppm; range 300–9999 ppm. Use these as the practical error bars rather than the sensor-element spec. Sources: [sensorinfo] HZ_Sensors_info.pdf — HouseZero sensor reference manual (Harvard CGBC), spec sheets and floor-plan markers; [han24] Han et al. 2024, "A two-year dataset of energy, environment, and system operations for an ultra-low energy office building", Sci Data 11:938. https://doi.org/10.1038/s41597-024-03770-7; [report] Data Report.pdf (extras/Data Report/) — per-sensor missing-period tables, Appendix Table A operational accuracy/range, system-sensor notices.
zone/Z17/co2	ppm	CO2 concentration, zone Z17 (1st floor)	CO2 concentration for zone Z17 (1st floor). Sensor: Siemens PL-Link semi-flush room sensor (QPA2x family) — capacitive humidity element with NDIR CO2 cell [sensorinfo, "Room Comfort" spec sheet] (accuracy ±50 ppm + 5% measured value [sensorinfo, "Room Comfort" spec sheet], range 0–5000 ppm [sensorinfo, "Room Comfort" spec sheet]). 15 [han24, Table 3] sensors total. Missing-data: Y1 2.04%, Y2 0%. Installed-system accuracy in [report, Appendix Table A] is wider: ±120 ppm at 300–1000 ppm, ±250 ppm at 1000–2000 ppm, ±300 ppm at 2000–5000 ppm; range 300–9999 ppm. Use these as the practical error bars rather than the sensor-element spec. Sources: [sensorinfo] HZ_Sensors_info.pdf — HouseZero sensor reference manual (Harvard CGBC), spec sheets and floor-plan markers; [han24] Han et al. 2024, "A two-year dataset of energy, environment, and system operations for an ultra-low energy office building", Sci Data 11:938. https://doi.org/10.1038/s41597-024-03770-7; [report] Data Report.pdf (extras/Data Report/) — per-sensor missing-period tables, Appendix Table A operational accuracy/range, system-sensor notices.
zone/Z21/co2	ppm	CO2 concentration, zone Z21 (2nd floor)	CO2 concentration for zone Z21 (2nd floor). Sensor: Siemens PL-Link semi-flush room sensor (QPA2x family) — capacitive humidity element with NDIR CO2 cell [sensorinfo, "Room Comfort" spec sheet] (accuracy ±50 ppm + 5% measured value [sensorinfo, "Room Comfort" spec sheet], range 0–5000 ppm [sensorinfo, "Room Comfort" spec sheet]). 15 [han24, Table 3] sensors total. Missing-data: Y1 2.04%, Y2 0%. Installed-system accuracy in [report, Appendix Table A] is wider: ±120 ppm at 300–1000 ppm, ±250 ppm at 1000–2000 ppm, ±300 ppm at 2000–5000 ppm; range 300–9999 ppm. Use these as the practical error bars rather than the sensor-element spec. Sources: [sensorinfo] HZ_Sensors_info.pdf — HouseZero sensor reference manual (Harvard CGBC), spec sheets and floor-plan markers; [han24] Han et al. 2024, "A two-year dataset of energy, environment, and system operations for an ultra-low energy office building", Sci Data 11:938. https://doi.org/10.1038/s41597-024-03770-7; [report] Data Report.pdf (extras/Data Report/) — per-sensor missing-period tables, Appendix Table A operational accuracy/range, system-sensor notices.
zone/Z22_Z23/co2	ppm	CO2 concentration, zone Z22_Z23 (2nd floor)	CO2 concentration for zone Z22_Z23 (2nd floor). Sensor: Siemens PL-Link semi-flush room sensor (QPA2x family) — capacitive humidity element with NDIR CO2 cell [sensorinfo, "Room Comfort" spec sheet] (accuracy ±50 ppm + 5% measured value [sensorinfo, "Room Comfort" spec sheet], range 0–5000 ppm [sensorinfo, "Room Comfort" spec sheet]). 15 [han24, Table 3] sensors total. Missing-data: Y1 2.04%, Y2 0%. Installed-system accuracy in [report, Appendix Table A] is wider: ±120 ppm at 300–1000 ppm, ±250 ppm at 1000–2000 ppm, ±300 ppm at 2000–5000 ppm; range 300–9999 ppm. Use these as the practical error bars rather than the sensor-element spec. Sources: [sensorinfo] HZ_Sensors_info.pdf — HouseZero sensor reference manual (Harvard CGBC), spec sheets and floor-plan markers; [han24] Han et al. 2024, "A two-year dataset of energy, environment, and system operations for an ultra-low energy office building", Sci Data 11:938. https://doi.org/10.1038/s41597-024-03770-7; [report] Data Report.pdf (extras/Data Report/) — per-sensor missing-period tables, Appendix Table A operational accuracy/range, system-sensor notices.
zone/Z24/co2	ppm	CO2 concentration, zone Z24 (2nd floor)	CO2 concentration for zone Z24 (2nd floor). Sensor: Siemens PL-Link semi-flush room sensor (QPA2x family) — capacitive humidity element with NDIR CO2 cell [sensorinfo, "Room Comfort" spec sheet] (accuracy ±50 ppm + 5% measured value [sensorinfo, "Room Comfort" spec sheet], range 0–5000 ppm [sensorinfo, "Room Comfort" spec sheet]). 15 [han24, Table 3] sensors total. Missing-data: Y1 2.04%, Y2 0%. Installed-system accuracy in [report, Appendix Table A] is wider: ±120 ppm at 300–1000 ppm, ±250 ppm at 1000–2000 ppm, ±300 ppm at 2000–5000 ppm; range 300–9999 ppm. Use these as the practical error bars rather than the sensor-element spec. Sources: [sensorinfo] HZ_Sensors_info.pdf — HouseZero sensor reference manual (Harvard CGBC), spec sheets and floor-plan markers; [han24] Han et al. 2024, "A two-year dataset of energy, environment, and system operations for an ultra-low energy office building", Sci Data 11:938. https://doi.org/10.1038/s41597-024-03770-7; [report] Data Report.pdf (extras/Data Report/) — per-sensor missing-period tables, Appendix Table A operational accuracy/range, system-sensor notices.
zone/Z25_Z26_Z27/co2	ppm	CO2 concentration, zone Z25_Z26_Z27 (2nd floor)	CO2 concentration for zone Z25_Z26_Z27 (2nd floor). Sensor: Siemens PL-Link semi-flush room sensor (QPA2x family) — capacitive humidity element with NDIR CO2 cell [sensorinfo, "Room Comfort" spec sheet] (accuracy ±50 ppm + 5% measured value [sensorinfo, "Room Comfort" spec sheet], range 0–5000 ppm [sensorinfo, "Room Comfort" spec sheet]). 15 [han24, Table 3] sensors total. Missing-data: Y1 2.04%, Y2 0%. Installed-system accuracy in [report, Appendix Table A] is wider: ±120 ppm at 300–1000 ppm, ±250 ppm at 1000–2000 ppm, ±300 ppm at 2000–5000 ppm; range 300–9999 ppm. Use these as the practical error bars rather than the sensor-element spec. Sources: [sensorinfo] HZ_Sensors_info.pdf — HouseZero sensor reference manual (Harvard CGBC), spec sheets and floor-plan markers; [han24] Han et al. 2024, "A two-year dataset of energy, environment, and system operations for an ultra-low energy office building", Sci Data 11:938. https://doi.org/10.1038/s41597-024-03770-7; [report] Data Report.pdf (extras/Data Report/) — per-sensor missing-period tables, Appendix Table A operational accuracy/range, system-sensor notices.
zone/Z31/co2	ppm	CO2 concentration, zone Z31 (3rd floor)	CO2 concentration for zone Z31 (3rd floor). Sensor: Siemens PL-Link semi-flush room sensor (QPA2x family) — capacitive humidity element with NDIR CO2 cell [sensorinfo, "Room Comfort" spec sheet] (accuracy ±50 ppm + 5% measured value [sensorinfo, "Room Comfort" spec sheet], range 0–5000 ppm [sensorinfo, "Room Comfort" spec sheet]). 15 [han24, Table 3] sensors total. Missing-data: Y1 2.04%, Y2 0%. Installed-system accuracy in [report, Appendix Table A] is wider: ±120 ppm at 300–1000 ppm, ±250 ppm at 1000–2000 ppm, ±300 ppm at 2000–5000 ppm; range 300–9999 ppm. Use these as the practical error bars rather than the sensor-element spec. Sources: [sensorinfo] HZ_Sensors_info.pdf — HouseZero sensor reference manual (Harvard CGBC), spec sheets and floor-plan markers; [han24] Han et al. 2024, "A two-year dataset of energy, environment, and system operations for an ultra-low energy office building", Sci Data 11:938. https://doi.org/10.1038/s41597-024-03770-7; [report] Data Report.pdf (extras/Data Report/) — per-sensor missing-period tables, Appendix Table A operational accuracy/range, system-sensor notices.
zone/Z32/co2	ppm	CO2 concentration, zone Z32 (3rd floor)	CO2 concentration for zone Z32 (3rd floor). Sensor: Siemens PL-Link semi-flush room sensor (QPA2x family) — capacitive humidity element with NDIR CO2 cell [sensorinfo, "Room Comfort" spec sheet] (accuracy ±50 ppm + 5% measured value [sensorinfo, "Room Comfort" spec sheet], range 0–5000 ppm [sensorinfo, "Room Comfort" spec sheet]). 15 [han24, Table 3] sensors total. Missing-data: Y1 2.04%, Y2 0%. Installed-system accuracy in [report, Appendix Table A] is wider: ±120 ppm at 300–1000 ppm, ±250 ppm at 1000–2000 ppm, ±300 ppm at 2000–5000 ppm; range 300–9999 ppm. Use these as the practical error bars rather than the sensor-element spec. Sources: [sensorinfo] HZ_Sensors_info.pdf — HouseZero sensor reference manual (Harvard CGBC), spec sheets and floor-plan markers; [han24] Han et al. 2024, "A two-year dataset of energy, environment, and system operations for an ultra-low energy office building", Sci Data 11:938. https://doi.org/10.1038/s41597-024-03770-7; [report] Data Report.pdf (extras/Data Report/) — per-sensor missing-period tables, Appendix Table A operational accuracy/range, system-sensor notices.
zone/Z33/co2	ppm	CO2 concentration, zone Z33 (3rd floor)	CO2 concentration for zone Z33 (3rd floor). Sensor: Siemens PL-Link semi-flush room sensor (QPA2x family) — capacitive humidity element with NDIR CO2 cell [sensorinfo, "Room Comfort" spec sheet] (accuracy ±50 ppm + 5% measured value [sensorinfo, "Room Comfort" spec sheet], range 0–5000 ppm [sensorinfo, "Room Comfort" spec sheet]). 15 [han24, Table 3] sensors total. Missing-data: Y1 2.04%, Y2 0%. Installed-system accuracy in [report, Appendix Table A] is wider: ±120 ppm at 300–1000 ppm, ±250 ppm at 1000–2000 ppm, ±300 ppm at 2000–5000 ppm; range 300–9999 ppm. Use these as the practical error bars rather than the sensor-element spec. Sources: [sensorinfo] HZ_Sensors_info.pdf — HouseZero sensor reference manual (Harvard CGBC), spec sheets and floor-plan markers; [han24] Han et al. 2024, "A two-year dataset of energy, environment, and system operations for an ultra-low energy office building", Sci Data 11:938. https://doi.org/10.1038/s41597-024-03770-7; [report] Data Report.pdf (extras/Data Report/) — per-sensor missing-period tables, Appendix Table A operational accuracy/range, system-sensor notices.
zone/Z01/humidity	%	relative humidity, zone Z01 (basement)	Relative humidity for zone Z01 (basement). Sensor: Siemens PL-Link QPA25xx, capacitive RH element [sensorinfo, "Room Comfort" spec sheet] (accuracy ±2% rh, 5–95% [sensorinfo, "Room Comfort" spec sheet], range 0–100% rh). 15 [han24, Table 3] sensors total. Missing-data: Y1 1.95%, Y2 0%. Installed-system accuracy in [report, Appendix Table A] is ±5% over 1–100% rh. Treat that as the practical error bar. Sources: [sensorinfo] HZ_Sensors_info.pdf — HouseZero sensor reference manual (Harvard CGBC), spec sheets and floor-plan markers; [han24] Han et al. 2024, "A two-year dataset of energy, environment, and system operations for an ultra-low energy office building", Sci Data 11:938. https://doi.org/10.1038/s41597-024-03770-7; [report] Data Report.pdf (extras/Data Report/) — per-sensor missing-period tables, Appendix Table A operational accuracy/range, system-sensor notices.
zone/Z03/humidity	%	relative humidity, zone Z03 (basement)	Relative humidity for zone Z03 (basement). Sensor: Siemens PL-Link QPA25xx, capacitive RH element [sensorinfo, "Room Comfort" spec sheet] (accuracy ±2% rh, 5–95% [sensorinfo, "Room Comfort" spec sheet], range 0–100% rh). 15 [han24, Table 3] sensors total. Missing-data: Y1 1.95%, Y2 0%. Installed-system accuracy in [report, Appendix Table A] is ±5% over 1–100% rh. Treat that as the practical error bar. Sources: [sensorinfo] HZ_Sensors_info.pdf — HouseZero sensor reference manual (Harvard CGBC), spec sheets and floor-plan markers; [han24] Han et al. 2024, "A two-year dataset of energy, environment, and system operations for an ultra-low energy office building", Sci Data 11:938. https://doi.org/10.1038/s41597-024-03770-7; [report] Data Report.pdf (extras/Data Report/) — per-sensor missing-period tables, Appendix Table A operational accuracy/range, system-sensor notices.
zone/Z04/humidity	%	relative humidity, zone Z04 (basement)	Relative humidity for zone Z04 (basement). Sensor: Siemens PL-Link QPA25xx, capacitive RH element [sensorinfo, "Room Comfort" spec sheet] (accuracy ±2% rh, 5–95% [sensorinfo, "Room Comfort" spec sheet], range 0–100% rh). 15 [han24, Table 3] sensors total. Missing-data: Y1 1.95%, Y2 0%. Installed-system accuracy in [report, Appendix Table A] is ±5% over 1–100% rh. Treat that as the practical error bar. Sources: [sensorinfo] HZ_Sensors_info.pdf — HouseZero sensor reference manual (Harvard CGBC), spec sheets and floor-plan markers; [han24] Han et al. 2024, "A two-year dataset of energy, environment, and system operations for an ultra-low energy office building", Sci Data 11:938. https://doi.org/10.1038/s41597-024-03770-7; [report] Data Report.pdf (extras/Data Report/) — per-sensor missing-period tables, Appendix Table A operational accuracy/range, system-sensor notices.
zone/Z05/humidity	%	relative humidity, zone Z05 (basement)	Relative humidity for zone Z05 (basement). Sensor: Siemens PL-Link QPA25xx, capacitive RH element [sensorinfo, "Room Comfort" spec sheet] (accuracy ±2% rh, 5–95% [sensorinfo, "Room Comfort" spec sheet], range 0–100% rh). 15 [han24, Table 3] sensors total. Missing-data: Y1 1.95%, Y2 0%. Installed-system accuracy in [report, Appendix Table A] is ±5% over 1–100% rh. Treat that as the practical error bar. Sources: [sensorinfo] HZ_Sensors_info.pdf — HouseZero sensor reference manual (Harvard CGBC), spec sheets and floor-plan markers; [han24] Han et al. 2024, "A two-year dataset of energy, environment, and system operations for an ultra-low energy office building", Sci Data 11:938. https://doi.org/10.1038/s41597-024-03770-7; [report] Data Report.pdf (extras/Data Report/) — per-sensor missing-period tables, Appendix Table A operational accuracy/range, system-sensor notices.
zone/Z11/humidity	%	relative humidity, zone Z11 (1st floor)	Relative humidity for zone Z11 (1st floor). Sensor: Siemens PL-Link QPA25xx, capacitive RH element [sensorinfo, "Room Comfort" spec sheet] (accuracy ±2% rh, 5–95% [sensorinfo, "Room Comfort" spec sheet], range 0–100% rh). 15 [han24, Table 3] sensors total. Missing-data: Y1 1.95%, Y2 0%. Installed-system accuracy in [report, Appendix Table A] is ±5% over 1–100% rh. Treat that as the practical error bar. Sources: [sensorinfo] HZ_Sensors_info.pdf — HouseZero sensor reference manual (Harvard CGBC), spec sheets and floor-plan markers; [han24] Han et al. 2024, "A two-year dataset of energy, environment, and system operations for an ultra-low energy office building", Sci Data 11:938. https://doi.org/10.1038/s41597-024-03770-7; [report] Data Report.pdf (extras/Data Report/) — per-sensor missing-period tables, Appendix Table A operational accuracy/range, system-sensor notices.
zone/Z12_Z13/humidity	%	relative humidity, zone Z12_Z13 (1st floor)	Relative humidity for zone Z12_Z13 (1st floor). Sensor: Siemens PL-Link QPA25xx, capacitive RH element [sensorinfo, "Room Comfort" spec sheet] (accuracy ±2% rh, 5–95% [sensorinfo, "Room Comfort" spec sheet], range 0–100% rh). 15 [han24, Table 3] sensors total. Missing-data: Y1 1.95%, Y2 0%. Installed-system accuracy in [report, Appendix Table A] is ±5% over 1–100% rh. Treat that as the practical error bar. Sources: [sensorinfo] HZ_Sensors_info.pdf — HouseZero sensor reference manual (Harvard CGBC), spec sheets and floor-plan markers; [han24] Han et al. 2024, "A two-year dataset of energy, environment, and system operations for an ultra-low energy office building", Sci Data 11:938. https://doi.org/10.1038/s41597-024-03770-7; [report] Data Report.pdf (extras/Data Report/) — per-sensor missing-period tables, Appendix Table A operational accuracy/range, system-sensor notices.
zone/Z15_Z16/humidity	%	relative humidity, zone Z15_Z16 (1st floor)	Relative humidity for zone Z15_Z16 (1st floor). Sensor: Siemens PL-Link QPA25xx, capacitive RH element [sensorinfo, "Room Comfort" spec sheet] (accuracy ±2% rh, 5–95% [sensorinfo, "Room Comfort" spec sheet], range 0–100% rh). 15 [han24, Table 3] sensors total. Missing-data: Y1 1.95%, Y2 0%. Installed-system accuracy in [report, Appendix Table A] is ±5% over 1–100% rh. Treat that as the practical error bar. Sources: [sensorinfo] HZ_Sensors_info.pdf — HouseZero sensor reference manual (Harvard CGBC), spec sheets and floor-plan markers; [han24] Han et al. 2024, "A two-year dataset of energy, environment, and system operations for an ultra-low energy office building", Sci Data 11:938. https://doi.org/10.1038/s41597-024-03770-7; [report] Data Report.pdf (extras/Data Report/) — per-sensor missing-period tables, Appendix Table A operational accuracy/range, system-sensor notices.
zone/Z17/humidity	%	relative humidity, zone Z17 (1st floor)	Relative humidity for zone Z17 (1st floor). Sensor: Siemens PL-Link QPA25xx, capacitive RH element [sensorinfo, "Room Comfort" spec sheet] (accuracy ±2% rh, 5–95% [sensorinfo, "Room Comfort" spec sheet], range 0–100% rh). 15 [han24, Table 3] sensors total. Missing-data: Y1 1.95%, Y2 0%. Installed-system accuracy in [report, Appendix Table A] is ±5% over 1–100% rh. Treat that as the practical error bar. Sources: [sensorinfo] HZ_Sensors_info.pdf — HouseZero sensor reference manual (Harvard CGBC), spec sheets and floor-plan markers; [han24] Han et al. 2024, "A two-year dataset of energy, environment, and system operations for an ultra-low energy office building", Sci Data 11:938. https://doi.org/10.1038/s41597-024-03770-7; [report] Data Report.pdf (extras/Data Report/) — per-sensor missing-period tables, Appendix Table A operational accuracy/range, system-sensor notices.
zone/Z21/humidity	%	relative humidity, zone Z21 (2nd floor)	Relative humidity for zone Z21 (2nd floor). Sensor: Siemens PL-Link QPA25xx, capacitive RH element [sensorinfo, "Room Comfort" spec sheet] (accuracy ±2% rh, 5–95% [sensorinfo, "Room Comfort" spec sheet], range 0–100% rh). 15 [han24, Table 3] sensors total. Missing-data: Y1 1.95%, Y2 0%. Installed-system accuracy in [report, Appendix Table A] is ±5% over 1–100% rh. Treat that as the practical error bar. Sources: [sensorinfo] HZ_Sensors_info.pdf — HouseZero sensor reference manual (Harvard CGBC), spec sheets and floor-plan markers; [han24] Han et al. 2024, "A two-year dataset of energy, environment, and system operations for an ultra-low energy office building", Sci Data 11:938. https://doi.org/10.1038/s41597-024-03770-7; [report] Data Report.pdf (extras/Data Report/) — per-sensor missing-period tables, Appendix Table A operational accuracy/range, system-sensor notices.
zone/Z22_Z23/humidity	%	relative humidity, zone Z22_Z23 (2nd floor)	Relative humidity for zone Z22_Z23 (2nd floor). Sensor: Siemens PL-Link QPA25xx, capacitive RH element [sensorinfo, "Room Comfort" spec sheet] (accuracy ±2% rh, 5–95% [sensorinfo, "Room Comfort" spec sheet], range 0–100% rh). 15 [han24, Table 3] sensors total. Missing-data: Y1 1.95%, Y2 0%. Installed-system accuracy in [report, Appendix Table A] is ±5% over 1–100% rh. Treat that as the practical error bar. Sources: [sensorinfo] HZ_Sensors_info.pdf — HouseZero sensor reference manual (Harvard CGBC), spec sheets and floor-plan markers; [han24] Han et al. 2024, "A two-year dataset of energy, environment, and system operations for an ultra-low energy office building", Sci Data 11:938. https://doi.org/10.1038/s41597-024-03770-7; [report] Data Report.pdf (extras/Data Report/) — per-sensor missing-period tables, Appendix Table A operational accuracy/range, system-sensor notices.
zone/Z24/humidity	%	relative humidity, zone Z24 (2nd floor)	Relative humidity for zone Z24 (2nd floor). Sensor: Siemens PL-Link QPA25xx, capacitive RH element [sensorinfo, "Room Comfort" spec sheet] (accuracy ±2% rh, 5–95% [sensorinfo, "Room Comfort" spec sheet], range 0–100% rh). 15 [han24, Table 3] sensors total. Missing-data: Y1 1.95%, Y2 0%. Installed-system accuracy in [report, Appendix Table A] is ±5% over 1–100% rh. Treat that as the practical error bar. Sources: [sensorinfo] HZ_Sensors_info.pdf — HouseZero sensor reference manual (Harvard CGBC), spec sheets and floor-plan markers; [han24] Han et al. 2024, "A two-year dataset of energy, environment, and system operations for an ultra-low energy office building", Sci Data 11:938. https://doi.org/10.1038/s41597-024-03770-7; [report] Data Report.pdf (extras/Data Report/) — per-sensor missing-period tables, Appendix Table A operational accuracy/range, system-sensor notices.
zone/Z25_Z26_Z27/humidity	%	relative humidity, zone Z25_Z26_Z27 (2nd floor)	Relative humidity for zone Z25_Z26_Z27 (2nd floor). Sensor: Siemens PL-Link QPA25xx, capacitive RH element [sensorinfo, "Room Comfort" spec sheet] (accuracy ±2% rh, 5–95% [sensorinfo, "Room Comfort" spec sheet], range 0–100% rh). 15 [han24, Table 3] sensors total. Missing-data: Y1 1.95%, Y2 0%. Installed-system accuracy in [report, Appendix Table A] is ±5% over 1–100% rh. Treat that as the practical error bar. Sources: [sensorinfo] HZ_Sensors_info.pdf — HouseZero sensor reference manual (Harvard CGBC), spec sheets and floor-plan markers; [han24] Han et al. 2024, "A two-year dataset of energy, environment, and system operations for an ultra-low energy office building", Sci Data 11:938. https://doi.org/10.1038/s41597-024-03770-7; [report] Data Report.pdf (extras/Data Report/) — per-sensor missing-period tables, Appendix Table A operational accuracy/range, system-sensor notices.
zone/Z31/humidity	%	relative humidity, zone Z31 (3rd floor)	Relative humidity for zone Z31 (3rd floor). Sensor: Siemens PL-Link QPA25xx, capacitive RH element [sensorinfo, "Room Comfort" spec sheet] (accuracy ±2% rh, 5–95% [sensorinfo, "Room Comfort" spec sheet], range 0–100% rh). 15 [han24, Table 3] sensors total. Missing-data: Y1 1.95%, Y2 0%. Installed-system accuracy in [report, Appendix Table A] is ±5% over 1–100% rh. Treat that as the practical error bar. Sources: [sensorinfo] HZ_Sensors_info.pdf — HouseZero sensor reference manual (Harvard CGBC), spec sheets and floor-plan markers; [han24] Han et al. 2024, "A two-year dataset of energy, environment, and system operations for an ultra-low energy office building", Sci Data 11:938. https://doi.org/10.1038/s41597-024-03770-7; [report] Data Report.pdf (extras/Data Report/) — per-sensor missing-period tables, Appendix Table A operational accuracy/range, system-sensor notices.
zone/Z32/humidity	%	relative humidity, zone Z32 (3rd floor)	Relative humidity for zone Z32 (3rd floor). Sensor: Siemens PL-Link QPA25xx, capacitive RH element [sensorinfo, "Room Comfort" spec sheet] (accuracy ±2% rh, 5–95% [sensorinfo, "Room Comfort" spec sheet], range 0–100% rh). 15 [han24, Table 3] sensors total. Missing-data: Y1 1.95%, Y2 0%. Installed-system accuracy in [report, Appendix Table A] is ±5% over 1–100% rh. Treat that as the practical error bar. Sources: [sensorinfo] HZ_Sensors_info.pdf — HouseZero sensor reference manual (Harvard CGBC), spec sheets and floor-plan markers; [han24] Han et al. 2024, "A two-year dataset of energy, environment, and system operations for an ultra-low energy office building", Sci Data 11:938. https://doi.org/10.1038/s41597-024-03770-7; [report] Data Report.pdf (extras/Data Report/) — per-sensor missing-period tables, Appendix Table A operational accuracy/range, system-sensor notices.
zone/Z33/humidity	%	relative humidity, zone Z33 (3rd floor)	Relative humidity for zone Z33 (3rd floor). Sensor: Siemens PL-Link QPA25xx, capacitive RH element [sensorinfo, "Room Comfort" spec sheet] (accuracy ±2% rh, 5–95% [sensorinfo, "Room Comfort" spec sheet], range 0–100% rh). 15 [han24, Table 3] sensors total. Missing-data: Y1 1.95%, Y2 0%. Installed-system accuracy in [report, Appendix Table A] is ±5% over 1–100% rh. Treat that as the practical error bar. Sources: [sensorinfo] HZ_Sensors_info.pdf — HouseZero sensor reference manual (Harvard CGBC), spec sheets and floor-plan markers; [han24] Han et al. 2024, "A two-year dataset of energy, environment, and system operations for an ultra-low energy office building", Sci Data 11:938. https://doi.org/10.1038/s41597-024-03770-7; [report] Data Report.pdf (extras/Data Report/) — per-sensor missing-period tables, Appendix Table A operational accuracy/range, system-sensor notices.
zone/Z01/slab_temperature	F	slab temperature, zone Z01 (basement)	Slab temperature for zone Z01 (basement). Sensor: Minco S101144 / S469 / S665PDY48BC / S667PDY40BC RTD ribbon (polyimide film with adhesive backing) [sensorinfo, "Slab Temperature" spec sheet] (accuracy ±0.13% [sensorinfo, "Slab Temperature" spec sheet]). 20 [han24, Table 3] sensors total. Missing-data: Y1 3.13%, Y2 0.57%. Installed-system accuracy in [report, Appendix Table A] is ±1°C at 0°C, ±1.5°C across -30–25°C, ±2.5°C across -30–70°C, ±4°C across -30–130°C. Treat as the practical error bar. Correction: [han24] states slab temperature is in °C, but the released CSV values are in the 60–90 range and are clearly Fahrenheit; gen_names.py records the unit as F. Sources: [sensorinfo] HZ_Sensors_info.pdf — HouseZero sensor reference manual (Harvard CGBC), spec sheets and floor-plan markers; [han24] Han et al. 2024, "A two-year dataset of energy, environment, and system operations for an ultra-low energy office building", Sci Data 11:938. https://doi.org/10.1038/s41597-024-03770-7; [report] Data Report.pdf (extras/Data Report/) — per-sensor missing-period tables, Appendix Table A operational accuracy/range, system-sensor notices.
zone/Z02/slab_temperature	F	slab temperature, zone Z02 (basement)	Slab temperature for zone Z02 (basement). Sensor: Minco S101144 / S469 / S665PDY48BC / S667PDY40BC RTD ribbon (polyimide film with adhesive backing) [sensorinfo, "Slab Temperature" spec sheet] (accuracy ±0.13% [sensorinfo, "Slab Temperature" spec sheet]). 20 [han24, Table 3] sensors total. Missing-data: Y1 3.13%, Y2 0.57%. Installed-system accuracy in [report, Appendix Table A] is ±1°C at 0°C, ±1.5°C across -30–25°C, ±2.5°C across -30–70°C, ±4°C across -30–130°C. Treat as the practical error bar. Correction: [han24] states slab temperature is in °C, but the released CSV values are in the 60–90 range and are clearly Fahrenheit; gen_names.py records the unit as F. Sources: [sensorinfo] HZ_Sensors_info.pdf — HouseZero sensor reference manual (Harvard CGBC), spec sheets and floor-plan markers; [han24] Han et al. 2024, "A two-year dataset of energy, environment, and system operations for an ultra-low energy office building", Sci Data 11:938. https://doi.org/10.1038/s41597-024-03770-7; [report] Data Report.pdf (extras/Data Report/) — per-sensor missing-period tables, Appendix Table A operational accuracy/range, system-sensor notices.
zone/Z04/slab_temperature	F	slab temperature, zone Z04 (basement)	Slab temperature for zone Z04 (basement). Sensor: Minco S101144 / S469 / S665PDY48BC / S667PDY40BC RTD ribbon (polyimide film with adhesive backing) [sensorinfo, "Slab Temperature" spec sheet] (accuracy ±0.13% [sensorinfo, "Slab Temperature" spec sheet]). 20 [han24, Table 3] sensors total. Missing-data: Y1 3.13%, Y2 0.57%. Installed-system accuracy in [report, Appendix Table A] is ±1°C at 0°C, ±1.5°C across -30–25°C, ±2.5°C across -30–70°C, ±4°C across -30–130°C. Treat as the practical error bar. Correction: [han24] states slab temperature is in °C, but the released CSV values are in the 60–90 range and are clearly Fahrenheit; gen_names.py records the unit as F. Sources: [sensorinfo] HZ_Sensors_info.pdf — HouseZero sensor reference manual (Harvard CGBC), spec sheets and floor-plan markers; [han24] Han et al. 2024, "A two-year dataset of energy, environment, and system operations for an ultra-low energy office building", Sci Data 11:938. https://doi.org/10.1038/s41597-024-03770-7; [report] Data Report.pdf (extras/Data Report/) — per-sensor missing-period tables, Appendix Table A operational accuracy/range, system-sensor notices.
zone/Z11/slab_temperature	F	slab temperature, zone Z11 (1st floor)	Slab temperature for zone Z11 (1st floor). Sensor: Minco S101144 / S469 / S665PDY48BC / S667PDY40BC RTD ribbon (polyimide film with adhesive backing) [sensorinfo, "Slab Temperature" spec sheet] (accuracy ±0.13% [sensorinfo, "Slab Temperature" spec sheet]). 20 [han24, Table 3] sensors total. Missing-data: Y1 3.13%, Y2 0.57%. Installed-system accuracy in [report, Appendix Table A] is ±1°C at 0°C, ±1.5°C across -30–25°C, ±2.5°C across -30–70°C, ±4°C across -30–130°C. Treat as the practical error bar. Correction: [han24] states slab temperature is in °C, but the released CSV values are in the 60–90 range and are clearly Fahrenheit; gen_names.py records the unit as F. Sources: [sensorinfo] HZ_Sensors_info.pdf — HouseZero sensor reference manual (Harvard CGBC), spec sheets and floor-plan markers; [han24] Han et al. 2024, "A two-year dataset of energy, environment, and system operations for an ultra-low energy office building", Sci Data 11:938. https://doi.org/10.1038/s41597-024-03770-7; [report] Data Report.pdf (extras/Data Report/) — per-sensor missing-period tables, Appendix Table A operational accuracy/range, system-sensor notices.
zone/Z12/slab_temperature	F	slab temperature, zone Z12 (1st floor)	Slab temperature for zone Z12 (1st floor). Sensor: Minco S101144 / S469 / S665PDY48BC / S667PDY40BC RTD ribbon (polyimide film with adhesive backing) [sensorinfo, "Slab Temperature" spec sheet] (accuracy ±0.13% [sensorinfo, "Slab Temperature" spec sheet]). 20 [han24, Table 3] sensors total. Missing-data: Y1 3.13%, Y2 0.57%. Installed-system accuracy in [report, Appendix Table A] is ±1°C at 0°C, ±1.5°C across -30–25°C, ±2.5°C across -30–70°C, ±4°C across -30–130°C. Treat as the practical error bar. Correction: [han24] states slab temperature is in °C, but the released CSV values are in the 60–90 range and are clearly Fahrenheit; gen_names.py records the unit as F. Sources: [sensorinfo] HZ_Sensors_info.pdf — HouseZero sensor reference manual (Harvard CGBC), spec sheets and floor-plan markers; [han24] Han et al. 2024, "A two-year dataset of energy, environment, and system operations for an ultra-low energy office building", Sci Data 11:938. https://doi.org/10.1038/s41597-024-03770-7; [report] Data Report.pdf (extras/Data Report/) — per-sensor missing-period tables, Appendix Table A operational accuracy/range, system-sensor notices.
zone/Z13/slab_temperature	F	slab temperature, zone Z13 (1st floor)	Slab temperature for zone Z13 (1st floor). Sensor: Minco S101144 / S469 / S665PDY48BC / S667PDY40BC RTD ribbon (polyimide film with adhesive backing) [sensorinfo, "Slab Temperature" spec sheet] (accuracy ±0.13% [sensorinfo, "Slab Temperature" spec sheet]). 20 [han24, Table 3] sensors total. Missing-data: Y1 3.13%, Y2 0.57%. Installed-system accuracy in [report, Appendix Table A] is ±1°C at 0°C, ±1.5°C across -30–25°C, ±2.5°C across -30–70°C, ±4°C across -30–130°C. Treat as the practical error bar. Correction: [han24] states slab temperature is in °C, but the released CSV values are in the 60–90 range and are clearly Fahrenheit; gen_names.py records the unit as F. Sources: [sensorinfo] HZ_Sensors_info.pdf — HouseZero sensor reference manual (Harvard CGBC), spec sheets and floor-plan markers; [han24] Han et al. 2024, "A two-year dataset of energy, environment, and system operations for an ultra-low energy office building", Sci Data 11:938. https://doi.org/10.1038/s41597-024-03770-7; [report] Data Report.pdf (extras/Data Report/) — per-sensor missing-period tables, Appendix Table A operational accuracy/range, system-sensor notices.
zone/Z14/slab_temperature	F	slab temperature, zone Z14 (1st floor)	Slab temperature for zone Z14 (1st floor). Sensor: Minco S101144 / S469 / S665PDY48BC / S667PDY40BC RTD ribbon (polyimide film with adhesive backing) [sensorinfo, "Slab Temperature" spec sheet] (accuracy ±0.13% [sensorinfo, "Slab Temperature" spec sheet]). 20 [han24, Table 3] sensors total. Missing-data: Y1 3.13%, Y2 0.57%. Installed-system accuracy in [report, Appendix Table A] is ±1°C at 0°C, ±1.5°C across -30–25°C, ±2.5°C across -30–70°C, ±4°C across -30–130°C. Treat as the practical error bar. Correction: [han24] states slab temperature is in °C, but the released CSV values are in the 60–90 range and are clearly Fahrenheit; gen_names.py records the unit as F. Sources: [sensorinfo] HZ_Sensors_info.pdf — HouseZero sensor reference manual (Harvard CGBC), spec sheets and floor-plan markers; [han24] Han et al. 2024, "A two-year dataset of energy, environment, and system operations for an ultra-low energy office building", Sci Data 11:938. https://doi.org/10.1038/s41597-024-03770-7; [report] Data Report.pdf (extras/Data Report/) — per-sensor missing-period tables, Appendix Table A operational accuracy/range, system-sensor notices.
zone/Z15/slab_temperature	F	slab temperature, zone Z15 (1st floor)	Slab temperature for zone Z15 (1st floor). Sensor: Minco S101144 / S469 / S665PDY48BC / S667PDY40BC RTD ribbon (polyimide film with adhesive backing) [sensorinfo, "Slab Temperature" spec sheet] (accuracy ±0.13% [sensorinfo, "Slab Temperature" spec sheet]). 20 [han24, Table 3] sensors total. Missing-data: Y1 3.13%, Y2 0.57%. Installed-system accuracy in [report, Appendix Table A] is ±1°C at 0°C, ±1.5°C across -30–25°C, ±2.5°C across -30–70°C, ±4°C across -30–130°C. Treat as the practical error bar. Correction: [han24] states slab temperature is in °C, but the released CSV values are in the 60–90 range and are clearly Fahrenheit; gen_names.py records the unit as F. Sources: [sensorinfo] HZ_Sensors_info.pdf — HouseZero sensor reference manual (Harvard CGBC), spec sheets and floor-plan markers; [han24] Han et al. 2024, "A two-year dataset of energy, environment, and system operations for an ultra-low energy office building", Sci Data 11:938. https://doi.org/10.1038/s41597-024-03770-7; [report] Data Report.pdf (extras/Data Report/) — per-sensor missing-period tables, Appendix Table A operational accuracy/range, system-sensor notices.
zone/Z16/slab_temperature	F	slab temperature, zone Z16 (1st floor)	Slab temperature for zone Z16 (1st floor). Sensor: Minco S101144 / S469 / S665PDY48BC / S667PDY40BC RTD ribbon (polyimide film with adhesive backing) [sensorinfo, "Slab Temperature" spec sheet] (accuracy ±0.13% [sensorinfo, "Slab Temperature" spec sheet]). 20 [han24, Table 3] sensors total. Missing-data: Y1 3.13%, Y2 0.57%. Installed-system accuracy in [report, Appendix Table A] is ±1°C at 0°C, ±1.5°C across -30–25°C, ±2.5°C across -30–70°C, ±4°C across -30–130°C. Treat as the practical error bar. Correction: [han24] states slab temperature is in °C, but the released CSV values are in the 60–90 range and are clearly Fahrenheit; gen_names.py records the unit as F. Sources: [sensorinfo] HZ_Sensors_info.pdf — HouseZero sensor reference manual (Harvard CGBC), spec sheets and floor-plan markers; [han24] Han et al. 2024, "A two-year dataset of energy, environment, and system operations for an ultra-low energy office building", Sci Data 11:938. https://doi.org/10.1038/s41597-024-03770-7; [report] Data Report.pdf (extras/Data Report/) — per-sensor missing-period tables, Appendix Table A operational accuracy/range, system-sensor notices.
zone/Z17/slab_temperature	F	slab temperature, zone Z17 (1st floor)	Slab temperature for zone Z17 (1st floor). Sensor: Minco S101144 / S469 / S665PDY48BC / S667PDY40BC RTD ribbon (polyimide film with adhesive backing) [sensorinfo, "Slab Temperature" spec sheet] (accuracy ±0.13% [sensorinfo, "Slab Temperature" spec sheet]). 20 [han24, Table 3] sensors total. Missing-data: Y1 3.13%, Y2 0.57%. Installed-system accuracy in [report, Appendix Table A] is ±1°C at 0°C, ±1.5°C across -30–25°C, ±2.5°C across -30–70°C, ±4°C across -30–130°C. Treat as the practical error bar. Correction: [han24] states slab temperature is in °C, but the released CSV values are in the 60–90 range and are clearly Fahrenheit; gen_names.py records the unit as F. Sources: [sensorinfo] HZ_Sensors_info.pdf — HouseZero sensor reference manual (Harvard CGBC), spec sheets and floor-plan markers; [han24] Han et al. 2024, "A two-year dataset of energy, environment, and system operations for an ultra-low energy office building", Sci Data 11:938. https://doi.org/10.1038/s41597-024-03770-7; [report] Data Report.pdf (extras/Data Report/) — per-sensor missing-period tables, Appendix Table A operational accuracy/range, system-sensor notices.
zone/Z21/slab_temperature	F	slab temperature, zone Z21 (2nd floor)	Slab temperature for zone Z21 (2nd floor). Sensor: Minco S101144 / S469 / S665PDY48BC / S667PDY40BC RTD ribbon (polyimide film with adhesive backing) [sensorinfo, "Slab Temperature" spec sheet] (accuracy ±0.13% [sensorinfo, "Slab Temperature" spec sheet]). 20 [han24, Table 3] sensors total. Missing-data: Y1 3.13%, Y2 0.57%. Installed-system accuracy in [report, Appendix Table A] is ±1°C at 0°C, ±1.5°C across -30–25°C, ±2.5°C across -30–70°C, ±4°C across -30–130°C. Treat as the practical error bar. Correction: [han24] states slab temperature is in °C, but the released CSV values are in the 60–90 range and are clearly Fahrenheit; gen_names.py records the unit as F. Sources: [sensorinfo] HZ_Sensors_info.pdf — HouseZero sensor reference manual (Harvard CGBC), spec sheets and floor-plan markers; [han24] Han et al. 2024, "A two-year dataset of energy, environment, and system operations for an ultra-low energy office building", Sci Data 11:938. https://doi.org/10.1038/s41597-024-03770-7; [report] Data Report.pdf (extras/Data Report/) — per-sensor missing-period tables, Appendix Table A operational accuracy/range, system-sensor notices.
zone/Z22/slab_temperature	F	slab temperature, zone Z22 (2nd floor)	Slab temperature for zone Z22 (2nd floor). Sensor: Minco S101144 / S469 / S665PDY48BC / S667PDY40BC RTD ribbon (polyimide film with adhesive backing) [sensorinfo, "Slab Temperature" spec sheet] (accuracy ±0.13% [sensorinfo, "Slab Temperature" spec sheet]). 20 [han24, Table 3] sensors total. Missing-data: Y1 3.13%, Y2 0.57%. Installed-system accuracy in [report, Appendix Table A] is ±1°C at 0°C, ±1.5°C across -30–25°C, ±2.5°C across -30–70°C, ±4°C across -30–130°C. Treat as the practical error bar. Correction: [han24] states slab temperature is in °C, but the released CSV values are in the 60–90 range and are clearly Fahrenheit; gen_names.py records the unit as F. Sources: [sensorinfo] HZ_Sensors_info.pdf — HouseZero sensor reference manual (Harvard CGBC), spec sheets and floor-plan markers; [han24] Han et al. 2024, "A two-year dataset of energy, environment, and system operations for an ultra-low energy office building", Sci Data 11:938. https://doi.org/10.1038/s41597-024-03770-7; [report] Data Report.pdf (extras/Data Report/) — per-sensor missing-period tables, Appendix Table A operational accuracy/range, system-sensor notices.
zone/Z23/slab_temperature	F	slab temperature, zone Z23 (2nd floor)	Slab temperature for zone Z23 (2nd floor). Sensor: Minco S101144 / S469 / S665PDY48BC / S667PDY40BC RTD ribbon (polyimide film with adhesive backing) [sensorinfo, "Slab Temperature" spec sheet] (accuracy ±0.13% [sensorinfo, "Slab Temperature" spec sheet]). 20 [han24, Table 3] sensors total. Missing-data: Y1 3.13%, Y2 0.57%. Installed-system accuracy in [report, Appendix Table A] is ±1°C at 0°C, ±1.5°C across -30–25°C, ±2.5°C across -30–70°C, ±4°C across -30–130°C. Treat as the practical error bar. Correction: [han24] states slab temperature is in °C, but the released CSV values are in the 60–90 range and are clearly Fahrenheit; gen_names.py records the unit as F. Sources: [sensorinfo] HZ_Sensors_info.pdf — HouseZero sensor reference manual (Harvard CGBC), spec sheets and floor-plan markers; [han24] Han et al. 2024, "A two-year dataset of energy, environment, and system operations for an ultra-low energy office building", Sci Data 11:938. https://doi.org/10.1038/s41597-024-03770-7; [report] Data Report.pdf (extras/Data Report/) — per-sensor missing-period tables, Appendix Table A operational accuracy/range, system-sensor notices.
zone/Z24/slab_temperature	F	slab temperature, zone Z24 (2nd floor)	Slab temperature for zone Z24 (2nd floor). Sensor: Minco S101144 / S469 / S665PDY48BC / S667PDY40BC RTD ribbon (polyimide film with adhesive backing) [sensorinfo, "Slab Temperature" spec sheet] (accuracy ±0.13% [sensorinfo, "Slab Temperature" spec sheet]). 20 [han24, Table 3] sensors total. Missing-data: Y1 3.13%, Y2 0.57%. Installed-system accuracy in [report, Appendix Table A] is ±1°C at 0°C, ±1.5°C across -30–25°C, ±2.5°C across -30–70°C, ±4°C across -30–130°C. Treat as the practical error bar. Correction: [han24] states slab temperature is in °C, but the released CSV values are in the 60–90 range and are clearly Fahrenheit; gen_names.py records the unit as F. Sources: [sensorinfo] HZ_Sensors_info.pdf — HouseZero sensor reference manual (Harvard CGBC), spec sheets and floor-plan markers; [han24] Han et al. 2024, "A two-year dataset of energy, environment, and system operations for an ultra-low energy office building", Sci Data 11:938. https://doi.org/10.1038/s41597-024-03770-7; [report] Data Report.pdf (extras/Data Report/) — per-sensor missing-period tables, Appendix Table A operational accuracy/range, system-sensor notices.
zone/Z25/slab_temperature	F	slab temperature, zone Z25 (2nd floor)	Slab temperature for zone Z25 (2nd floor). Sensor: Minco S101144 / S469 / S665PDY48BC / S667PDY40BC RTD ribbon (polyimide film with adhesive backing) [sensorinfo, "Slab Temperature" spec sheet] (accuracy ±0.13% [sensorinfo, "Slab Temperature" spec sheet]). 20 [han24, Table 3] sensors total. Missing-data: Y1 3.13%, Y2 0.57%. Installed-system accuracy in [report, Appendix Table A] is ±1°C at 0°C, ±1.5°C across -30–25°C, ±2.5°C across -30–70°C, ±4°C across -30–130°C. Treat as the practical error bar. Correction: [han24] states slab temperature is in °C, but the released CSV values are in the 60–90 range and are clearly Fahrenheit; gen_names.py records the unit as F. Sources: [sensorinfo] HZ_Sensors_info.pdf — HouseZero sensor reference manual (Harvard CGBC), spec sheets and floor-plan markers; [han24] Han et al. 2024, "A two-year dataset of energy, environment, and system operations for an ultra-low energy office building", Sci Data 11:938. https://doi.org/10.1038/s41597-024-03770-7; [report] Data Report.pdf (extras/Data Report/) — per-sensor missing-period tables, Appendix Table A operational accuracy/range, system-sensor notices.
zone/Z26/slab_temperature	F	slab temperature, zone Z26 (2nd floor)	Slab temperature for zone Z26 (2nd floor). Sensor: Minco S101144 / S469 / S665PDY48BC / S667PDY40BC RTD ribbon (polyimide film with adhesive backing) [sensorinfo, "Slab Temperature" spec sheet] (accuracy ±0.13% [sensorinfo, "Slab Temperature" spec sheet]). 20 [han24, Table 3] sensors total. Missing-data: Y1 3.13%, Y2 0.57%. Installed-system accuracy in [report, Appendix Table A] is ±1°C at 0°C, ±1.5°C across -30–25°C, ±2.5°C across -30–70°C, ±4°C across -30–130°C. Treat as the practical error bar. Correction: [han24] states slab temperature is in °C, but the released CSV values are in the 60–90 range and are clearly Fahrenheit; gen_names.py records the unit as F. Sources: [sensorinfo] HZ_Sensors_info.pdf — HouseZero sensor reference manual (Harvard CGBC), spec sheets and floor-plan markers; [han24] Han et al. 2024, "A two-year dataset of energy, environment, and system operations for an ultra-low energy office building", Sci Data 11:938. https://doi.org/10.1038/s41597-024-03770-7; [report] Data Report.pdf (extras/Data Report/) — per-sensor missing-period tables, Appendix Table A operational accuracy/range, system-sensor notices.
zone/Z27/slab_temperature	F	slab temperature, zone Z27 (2nd floor)	Slab temperature for zone Z27 (2nd floor). Sensor: Minco S101144 / S469 / S665PDY48BC / S667PDY40BC RTD ribbon (polyimide film with adhesive backing) [sensorinfo, "Slab Temperature" spec sheet] (accuracy ±0.13% [sensorinfo, "Slab Temperature" spec sheet]). 20 [han24, Table 3] sensors total. Missing-data: Y1 3.13%, Y2 0.57%. Installed-system accuracy in [report, Appendix Table A] is ±1°C at 0°C, ±1.5°C across -30–25°C, ±2.5°C across -30–70°C, ±4°C across -30–130°C. Treat as the practical error bar. Correction: [han24] states slab temperature is in °C, but the released CSV values are in the 60–90 range and are clearly Fahrenheit; gen_names.py records the unit as F. Sources: [sensorinfo] HZ_Sensors_info.pdf — HouseZero sensor reference manual (Harvard CGBC), spec sheets and floor-plan markers; [han24] Han et al. 2024, "A two-year dataset of energy, environment, and system operations for an ultra-low energy office building", Sci Data 11:938. https://doi.org/10.1038/s41597-024-03770-7; [report] Data Report.pdf (extras/Data Report/) — per-sensor missing-period tables, Appendix Table A operational accuracy/range, system-sensor notices.
zone/Z31/slab_temperature	F	slab temperature, zone Z31 (3rd floor)	Slab temperature for zone Z31 (3rd floor). Sensor: Minco S101144 / S469 / S665PDY48BC / S667PDY40BC RTD ribbon (polyimide film with adhesive backing) [sensorinfo, "Slab Temperature" spec sheet] (accuracy ±0.13% [sensorinfo, "Slab Temperature" spec sheet]). 20 [han24, Table 3] sensors total. Missing-data: Y1 3.13%, Y2 0.57%. Installed-system accuracy in [report, Appendix Table A] is ±1°C at 0°C, ±1.5°C across -30–25°C, ±2.5°C across -30–70°C, ±4°C across -30–130°C. Treat as the practical error bar. Correction: [han24] states slab temperature is in °C, but the released CSV values are in the 60–90 range and are clearly Fahrenheit; gen_names.py records the unit as F. Sources: [sensorinfo] HZ_Sensors_info.pdf — HouseZero sensor reference manual (Harvard CGBC), spec sheets and floor-plan markers; [han24] Han et al. 2024, "A two-year dataset of energy, environment, and system operations for an ultra-low energy office building", Sci Data 11:938. https://doi.org/10.1038/s41597-024-03770-7; [report] Data Report.pdf (extras/Data Report/) — per-sensor missing-period tables, Appendix Table A operational accuracy/range, system-sensor notices.
zone/Z32/slab_temperature	F	slab temperature, zone Z32 (3rd floor)	Slab temperature for zone Z32 (3rd floor). Sensor: Minco S101144 / S469 / S665PDY48BC / S667PDY40BC RTD ribbon (polyimide film with adhesive backing) [sensorinfo, "Slab Temperature" spec sheet] (accuracy ±0.13% [sensorinfo, "Slab Temperature" spec sheet]). 20 [han24, Table 3] sensors total. Missing-data: Y1 3.13%, Y2 0.57%. Installed-system accuracy in [report, Appendix Table A] is ±1°C at 0°C, ±1.5°C across -30–25°C, ±2.5°C across -30–70°C, ±4°C across -30–130°C. Treat as the practical error bar. Correction: [han24] states slab temperature is in °C, but the released CSV values are in the 60–90 range and are clearly Fahrenheit; gen_names.py records the unit as F. Sources: [sensorinfo] HZ_Sensors_info.pdf — HouseZero sensor reference manual (Harvard CGBC), spec sheets and floor-plan markers; [han24] Han et al. 2024, "A two-year dataset of energy, environment, and system operations for an ultra-low energy office building", Sci Data 11:938. https://doi.org/10.1038/s41597-024-03770-7; [report] Data Report.pdf (extras/Data Report/) — per-sensor missing-period tables, Appendix Table A operational accuracy/range, system-sensor notices.
zone/Z33/slab_temperature	F	slab temperature, zone Z33 (3rd floor)	Slab temperature for zone Z33 (3rd floor). Sensor: Minco S101144 / S469 / S665PDY48BC / S667PDY40BC RTD ribbon (polyimide film with adhesive backing) [sensorinfo, "Slab Temperature" spec sheet] (accuracy ±0.13% [sensorinfo, "Slab Temperature" spec sheet]). 20 [han24, Table 3] sensors total. Missing-data: Y1 3.13%, Y2 0.57%. Installed-system accuracy in [report, Appendix Table A] is ±1°C at 0°C, ±1.5°C across -30–25°C, ±2.5°C across -30–70°C, ±4°C across -30–130°C. Treat as the practical error bar. Correction: [han24] states slab temperature is in °C, but the released CSV values are in the 60–90 range and are clearly Fahrenheit; gen_names.py records the unit as F. Sources: [sensorinfo] HZ_Sensors_info.pdf — HouseZero sensor reference manual (Harvard CGBC), spec sheets and floor-plan markers; [han24] Han et al. 2024, "A two-year dataset of energy, environment, and system operations for an ultra-low energy office building", Sci Data 11:938. https://doi.org/10.1038/s41597-024-03770-7; [report] Data Report.pdf (extras/Data Report/) — per-sensor missing-period tables, Appendix Table A operational accuracy/range, system-sensor notices.
zone/Z01/air_temperature	F	zone air temperature, zone Z01 (basement)	Zone air temperature for zone Z01 (basement). Sensor: Siemens PL-Link semi-flush thermistor [sensorinfo, "Room Comfort" spec sheet] (accuracy ±0.45°C, 8–28°C [sensorinfo, "Room Comfort" spec sheet], range 0–50°C). 17 [han24, Table 3] sensors total. Missing-data: Y1 6.92%, Y2 0.19%. Installed-system accuracy in [report, Appendix Table A] is ±1°C over 0–40°C, looser than the thermistor element spec. Sources: [sensorinfo] HZ_Sensors_info.pdf — HouseZero sensor reference manual (Harvard CGBC), spec sheets and floor-plan markers; [han24] Han et al. 2024, "A two-year dataset of energy, environment, and system operations for an ultra-low energy office building", Sci Data 11:938. https://doi.org/10.1038/s41597-024-03770-7; [report] Data Report.pdf (extras/Data Report/) — per-sensor missing-period tables, Appendix Table A operational accuracy/range, system-sensor notices.
zone/Z02/air_temperature	F	zone air temperature, zone Z02 (basement)	Zone air temperature for zone Z02 (basement). Sensor: Siemens PL-Link semi-flush thermistor [sensorinfo, "Room Comfort" spec sheet] (accuracy ±0.45°C, 8–28°C [sensorinfo, "Room Comfort" spec sheet], range 0–50°C). 17 [han24, Table 3] sensors total. Missing-data: Y1 6.92%, Y2 0.19%. Installed-system accuracy in [report, Appendix Table A] is ±1°C over 0–40°C, looser than the thermistor element spec. Sources: [sensorinfo] HZ_Sensors_info.pdf — HouseZero sensor reference manual (Harvard CGBC), spec sheets and floor-plan markers; [han24] Han et al. 2024, "A two-year dataset of energy, environment, and system operations for an ultra-low energy office building", Sci Data 11:938. https://doi.org/10.1038/s41597-024-03770-7; [report] Data Report.pdf (extras/Data Report/) — per-sensor missing-period tables, Appendix Table A operational accuracy/range, system-sensor notices.
zone/Z03/air_temperature	F	zone air temperature, zone Z03 (basement)	Zone air temperature for zone Z03 (basement). Sensor: Siemens PL-Link semi-flush thermistor [sensorinfo, "Room Comfort" spec sheet] (accuracy ±0.45°C, 8–28°C [sensorinfo, "Room Comfort" spec sheet], range 0–50°C). 17 [han24, Table 3] sensors total. Missing-data: Y1 6.92%, Y2 0.19%. Installed-system accuracy in [report, Appendix Table A] is ±1°C over 0–40°C, looser than the thermistor element spec. Sources: [sensorinfo] HZ_Sensors_info.pdf — HouseZero sensor reference manual (Harvard CGBC), spec sheets and floor-plan markers; [han24] Han et al. 2024, "A two-year dataset of energy, environment, and system operations for an ultra-low energy office building", Sci Data 11:938. https://doi.org/10.1038/s41597-024-03770-7; [report] Data Report.pdf (extras/Data Report/) — per-sensor missing-period tables, Appendix Table A operational accuracy/range, system-sensor notices.
zone/Z04/air_temperature	F	zone air temperature, zone Z04 (basement)	Zone air temperature for zone Z04 (basement). Sensor: Siemens PL-Link semi-flush thermistor [sensorinfo, "Room Comfort" spec sheet] (accuracy ±0.45°C, 8–28°C [sensorinfo, "Room Comfort" spec sheet], range 0–50°C). 17 [han24, Table 3] sensors total. Missing-data: Y1 6.92%, Y2 0.19%. Installed-system accuracy in [report, Appendix Table A] is ±1°C over 0–40°C, looser than the thermistor element spec. Sources: [sensorinfo] HZ_Sensors_info.pdf — HouseZero sensor reference manual (Harvard CGBC), spec sheets and floor-plan markers; [han24] Han et al. 2024, "A two-year dataset of energy, environment, and system operations for an ultra-low energy office building", Sci Data 11:938. https://doi.org/10.1038/s41597-024-03770-7; [report] Data Report.pdf (extras/Data Report/) — per-sensor missing-period tables, Appendix Table A operational accuracy/range, system-sensor notices.
zone/Z05/air_temperature	F	zone air temperature, zone Z05 (basement)	Zone air temperature for zone Z05 (basement). Sensor: Siemens PL-Link semi-flush thermistor [sensorinfo, "Room Comfort" spec sheet] (accuracy ±0.45°C, 8–28°C [sensorinfo, "Room Comfort" spec sheet], range 0–50°C). 17 [han24, Table 3] sensors total. Missing-data: Y1 6.92%, Y2 0.19%. Installed-system accuracy in [report, Appendix Table A] is ±1°C over 0–40°C, looser than the thermistor element spec. Sources: [sensorinfo] HZ_Sensors_info.pdf — HouseZero sensor reference manual (Harvard CGBC), spec sheets and floor-plan markers; [han24] Han et al. 2024, "A two-year dataset of energy, environment, and system operations for an ultra-low energy office building", Sci Data 11:938. https://doi.org/10.1038/s41597-024-03770-7; [report] Data Report.pdf (extras/Data Report/) — per-sensor missing-period tables, Appendix Table A operational accuracy/range, system-sensor notices.
zone/Z11/air_temperature	F	zone air temperature, zone Z11 (1st floor)	Zone air temperature for zone Z11 (1st floor). Sensor: Siemens PL-Link semi-flush thermistor [sensorinfo, "Room Comfort" spec sheet] (accuracy ±0.45°C, 8–28°C [sensorinfo, "Room Comfort" spec sheet], range 0–50°C). 17 [han24, Table 3] sensors total. Missing-data: Y1 6.92%, Y2 0.19%. Installed-system accuracy in [report, Appendix Table A] is ±1°C over 0–40°C, looser than the thermistor element spec. Sources: [sensorinfo] HZ_Sensors_info.pdf — HouseZero sensor reference manual (Harvard CGBC), spec sheets and floor-plan markers; [han24] Han et al. 2024, "A two-year dataset of energy, environment, and system operations for an ultra-low energy office building", Sci Data 11:938. https://doi.org/10.1038/s41597-024-03770-7; [report] Data Report.pdf (extras/Data Report/) — per-sensor missing-period tables, Appendix Table A operational accuracy/range, system-sensor notices.
zone/Z12_Z13/air_temperature	F	zone air temperature, zone Z12_Z13 (1st floor)	Zone air temperature for zone Z12_Z13 (1st floor). Sensor: Siemens PL-Link semi-flush thermistor [sensorinfo, "Room Comfort" spec sheet] (accuracy ±0.45°C, 8–28°C [sensorinfo, "Room Comfort" spec sheet], range 0–50°C). 17 [han24, Table 3] sensors total. Missing-data: Y1 6.92%, Y2 0.19%. Installed-system accuracy in [report, Appendix Table A] is ±1°C over 0–40°C, looser than the thermistor element spec. Sources: [sensorinfo] HZ_Sensors_info.pdf — HouseZero sensor reference manual (Harvard CGBC), spec sheets and floor-plan markers; [han24] Han et al. 2024, "A two-year dataset of energy, environment, and system operations for an ultra-low energy office building", Sci Data 11:938. https://doi.org/10.1038/s41597-024-03770-7; [report] Data Report.pdf (extras/Data Report/) — per-sensor missing-period tables, Appendix Table A operational accuracy/range, system-sensor notices.
zone/Z14/air_temperature	F	zone air temperature, zone Z14 (1st floor)	Zone air temperature for zone Z14 (1st floor). Sensor: Siemens PL-Link semi-flush thermistor [sensorinfo, "Room Comfort" spec sheet] (accuracy ±0.45°C, 8–28°C [sensorinfo, "Room Comfort" spec sheet], range 0–50°C). 17 [han24, Table 3] sensors total. Missing-data: Y1 6.92%, Y2 0.19%. Installed-system accuracy in [report, Appendix Table A] is ±1°C over 0–40°C, looser than the thermistor element spec. Sources: [sensorinfo] HZ_Sensors_info.pdf — HouseZero sensor reference manual (Harvard CGBC), spec sheets and floor-plan markers; [han24] Han et al. 2024, "A two-year dataset of energy, environment, and system operations for an ultra-low energy office building", Sci Data 11:938. https://doi.org/10.1038/s41597-024-03770-7; [report] Data Report.pdf (extras/Data Report/) — per-sensor missing-period tables, Appendix Table A operational accuracy/range, system-sensor notices.
zone/Z15_Z16/air_temperature	F	zone air temperature, zone Z15_Z16 (1st floor)	Zone air temperature for zone Z15_Z16 (1st floor). Sensor: Siemens PL-Link semi-flush thermistor [sensorinfo, "Room Comfort" spec sheet] (accuracy ±0.45°C, 8–28°C [sensorinfo, "Room Comfort" spec sheet], range 0–50°C). 17 [han24, Table 3] sensors total. Missing-data: Y1 6.92%, Y2 0.19%. Installed-system accuracy in [report, Appendix Table A] is ±1°C over 0–40°C, looser than the thermistor element spec. Sources: [sensorinfo] HZ_Sensors_info.pdf — HouseZero sensor reference manual (Harvard CGBC), spec sheets and floor-plan markers; [han24] Han et al. 2024, "A two-year dataset of energy, environment, and system operations for an ultra-low energy office building", Sci Data 11:938. https://doi.org/10.1038/s41597-024-03770-7; [report] Data Report.pdf (extras/Data Report/) — per-sensor missing-period tables, Appendix Table A operational accuracy/range, system-sensor notices.
zone/Z17/air_temperature	F	zone air temperature, zone Z17 (1st floor)	Zone air temperature for zone Z17 (1st floor). Sensor: Siemens PL-Link semi-flush thermistor [sensorinfo, "Room Comfort" spec sheet] (accuracy ±0.45°C, 8–28°C [sensorinfo, "Room Comfort" spec sheet], range 0–50°C). 17 [han24, Table 3] sensors total. Missing-data: Y1 6.92%, Y2 0.19%. Installed-system accuracy in [report, Appendix Table A] is ±1°C over 0–40°C, looser than the thermistor element spec. Sources: [sensorinfo] HZ_Sensors_info.pdf — HouseZero sensor reference manual (Harvard CGBC), spec sheets and floor-plan markers; [han24] Han et al. 2024, "A two-year dataset of energy, environment, and system operations for an ultra-low energy office building", Sci Data 11:938. https://doi.org/10.1038/s41597-024-03770-7; [report] Data Report.pdf (extras/Data Report/) — per-sensor missing-period tables, Appendix Table A operational accuracy/range, system-sensor notices.
zone/Z21/air_temperature	F	zone air temperature, zone Z21 (2nd floor)	Zone air temperature for zone Z21 (2nd floor). Sensor: Siemens PL-Link semi-flush thermistor [sensorinfo, "Room Comfort" spec sheet] (accuracy ±0.45°C, 8–28°C [sensorinfo, "Room Comfort" spec sheet], range 0–50°C). 17 [han24, Table 3] sensors total. Missing-data: Y1 6.92%, Y2 0.19%. Installed-system accuracy in [report, Appendix Table A] is ±1°C over 0–40°C, looser than the thermistor element spec. Sources: [sensorinfo] HZ_Sensors_info.pdf — HouseZero sensor reference manual (Harvard CGBC), spec sheets and floor-plan markers; [han24] Han et al. 2024, "A two-year dataset of energy, environment, and system operations for an ultra-low energy office building", Sci Data 11:938. https://doi.org/10.1038/s41597-024-03770-7; [report] Data Report.pdf (extras/Data Report/) — per-sensor missing-period tables, Appendix Table A operational accuracy/range, system-sensor notices.
zone/Z22_Z23/air_temperature	F	zone air temperature, zone Z22_Z23 (2nd floor)	Zone air temperature for zone Z22_Z23 (2nd floor). Sensor: Siemens PL-Link semi-flush thermistor [sensorinfo, "Room Comfort" spec sheet] (accuracy ±0.45°C, 8–28°C [sensorinfo, "Room Comfort" spec sheet], range 0–50°C). 17 [han24, Table 3] sensors total. Missing-data: Y1 6.92%, Y2 0.19%. Installed-system accuracy in [report, Appendix Table A] is ±1°C over 0–40°C, looser than the thermistor element spec. Sources: [sensorinfo] HZ_Sensors_info.pdf — HouseZero sensor reference manual (Harvard CGBC), spec sheets and floor-plan markers; [han24] Han et al. 2024, "A two-year dataset of energy, environment, and system operations for an ultra-low energy office building", Sci Data 11:938. https://doi.org/10.1038/s41597-024-03770-7; [report] Data Report.pdf (extras/Data Report/) — per-sensor missing-period tables, Appendix Table A operational accuracy/range, system-sensor notices.
zone/Z24/air_temperature	F	zone air temperature, zone Z24 (2nd floor)	Zone air temperature for zone Z24 (2nd floor). Sensor: Siemens PL-Link semi-flush thermistor [sensorinfo, "Room Comfort" spec sheet] (accuracy ±0.45°C, 8–28°C [sensorinfo, "Room Comfort" spec sheet], range 0–50°C). 17 [han24, Table 3] sensors total. Missing-data: Y1 6.92%, Y2 0.19%. Installed-system accuracy in [report, Appendix Table A] is ±1°C over 0–40°C, looser than the thermistor element spec. Sources: [sensorinfo] HZ_Sensors_info.pdf — HouseZero sensor reference manual (Harvard CGBC), spec sheets and floor-plan markers; [han24] Han et al. 2024, "A two-year dataset of energy, environment, and system operations for an ultra-low energy office building", Sci Data 11:938. https://doi.org/10.1038/s41597-024-03770-7; [report] Data Report.pdf (extras/Data Report/) — per-sensor missing-period tables, Appendix Table A operational accuracy/range, system-sensor notices.
zone/Z25_Z26_Z27/air_temperature	F	zone air temperature, zone Z25_Z26_Z27 (2nd floor)	Zone air temperature for zone Z25_Z26_Z27 (2nd floor). Sensor: Siemens PL-Link semi-flush thermistor [sensorinfo, "Room Comfort" spec sheet] (accuracy ±0.45°C, 8–28°C [sensorinfo, "Room Comfort" spec sheet], range 0–50°C). 17 [han24, Table 3] sensors total. Missing-data: Y1 6.92%, Y2 0.19%. Installed-system accuracy in [report, Appendix Table A] is ±1°C over 0–40°C, looser than the thermistor element spec. Sources: [sensorinfo] HZ_Sensors_info.pdf — HouseZero sensor reference manual (Harvard CGBC), spec sheets and floor-plan markers; [han24] Han et al. 2024, "A two-year dataset of energy, environment, and system operations for an ultra-low energy office building", Sci Data 11:938. https://doi.org/10.1038/s41597-024-03770-7; [report] Data Report.pdf (extras/Data Report/) — per-sensor missing-period tables, Appendix Table A operational accuracy/range, system-sensor notices.
zone/Z31/air_temperature	F	zone air temperature, zone Z31 (3rd floor)	Zone air temperature for zone Z31 (3rd floor). Sensor: Siemens PL-Link semi-flush thermistor [sensorinfo, "Room Comfort" spec sheet] (accuracy ±0.45°C, 8–28°C [sensorinfo, "Room Comfort" spec sheet], range 0–50°C). 17 [han24, Table 3] sensors total. Missing-data: Y1 6.92%, Y2 0.19%. Installed-system accuracy in [report, Appendix Table A] is ±1°C over 0–40°C, looser than the thermistor element spec. Sources: [sensorinfo] HZ_Sensors_info.pdf — HouseZero sensor reference manual (Harvard CGBC), spec sheets and floor-plan markers; [han24] Han et al. 2024, "A two-year dataset of energy, environment, and system operations for an ultra-low energy office building", Sci Data 11:938. https://doi.org/10.1038/s41597-024-03770-7; [report] Data Report.pdf (extras/Data Report/) — per-sensor missing-period tables, Appendix Table A operational accuracy/range, system-sensor notices.
zone/Z32/air_temperature	F	zone air temperature, zone Z32 (3rd floor)	Zone air temperature for zone Z32 (3rd floor). Sensor: Siemens PL-Link semi-flush thermistor [sensorinfo, "Room Comfort" spec sheet] (accuracy ±0.45°C, 8–28°C [sensorinfo, "Room Comfort" spec sheet], range 0–50°C). 17 [han24, Table 3] sensors total. Missing-data: Y1 6.92%, Y2 0.19%. Installed-system accuracy in [report, Appendix Table A] is ±1°C over 0–40°C, looser than the thermistor element spec. Sources: [sensorinfo] HZ_Sensors_info.pdf — HouseZero sensor reference manual (Harvard CGBC), spec sheets and floor-plan markers; [han24] Han et al. 2024, "A two-year dataset of energy, environment, and system operations for an ultra-low energy office building", Sci Data 11:938. https://doi.org/10.1038/s41597-024-03770-7; [report] Data Report.pdf (extras/Data Report/) — per-sensor missing-period tables, Appendix Table A operational accuracy/range, system-sensor notices.
zone/Z33/air_temperature	F	zone air temperature, zone Z33 (3rd floor)	Zone air temperature for zone Z33 (3rd floor). Sensor: Siemens PL-Link semi-flush thermistor [sensorinfo, "Room Comfort" spec sheet] (accuracy ±0.45°C, 8–28°C [sensorinfo, "Room Comfort" spec sheet], range 0–50°C). 17 [han24, Table 3] sensors total. Missing-data: Y1 6.92%, Y2 0.19%. Installed-system accuracy in [report, Appendix Table A] is ±1°C over 0–40°C, looser than the thermistor element spec. Sources: [sensorinfo] HZ_Sensors_info.pdf — HouseZero sensor reference manual (Harvard CGBC), spec sheets and floor-plan markers; [han24] Han et al. 2024, "A two-year dataset of energy, environment, and system operations for an ultra-low energy office building", Sci Data 11:938. https://doi.org/10.1038/s41597-024-03770-7; [report] Data Report.pdf (extras/Data Report/) — per-sensor missing-period tables, Appendix Table A operational accuracy/range, system-sensor notices.
zone/Z01/valve	%	TABS valve opening, zone Z01 (basement)	TABS valve opening for zone Z01 (basement). Sensor: unknown (accuracy unknown, range 0% (closed) to 100% (fully open)). 19 [han24, Table 3] sensors total. Missing-data: Y1 0.39%, Y2 0%. [report, "Notices"] flags that on the second floor the open-office zones (Z21–Z27) are interconnected, so a zone's valve can stay closed even when local temperature drifts — neighbouring zone heating/airflow keeps the setpoint met. Don't expect 1:1 valve↔temperature alignment for floor-2 zones. Three system-wide valve gaps appear in Y1: 2022-12-17, 2023-01-28, 2023-02-13 (every zone simultaneous; likely BMS service events). Sources: [han24] Han et al. 2024, "A two-year dataset of energy, environment, and system operations for an ultra-low energy office building", Sci Data 11:938. https://doi.org/10.1038/s41597-024-03770-7; [report] Data Report.pdf (extras/Data Report/) — per-sensor missing-period tables, Appendix Table A operational accuracy/range, system-sensor notices.
zone/Z02/valve	%	TABS valve opening, zone Z02 (basement)	TABS valve opening for zone Z02 (basement). Sensor: unknown (accuracy unknown, range 0% (closed) to 100% (fully open)). 19 [han24, Table 3] sensors total. Missing-data: Y1 0.39%, Y2 0%. [report, "Notices"] flags that on the second floor the open-office zones (Z21–Z27) are interconnected, so a zone's valve can stay closed even when local temperature drifts — neighbouring zone heating/airflow keeps the setpoint met. Don't expect 1:1 valve↔temperature alignment for floor-2 zones. Three system-wide valve gaps appear in Y1: 2022-12-17, 2023-01-28, 2023-02-13 (every zone simultaneous; likely BMS service events). Sources: [han24] Han et al. 2024, "A two-year dataset of energy, environment, and system operations for an ultra-low energy office building", Sci Data 11:938. https://doi.org/10.1038/s41597-024-03770-7; [report] Data Report.pdf (extras/Data Report/) — per-sensor missing-period tables, Appendix Table A operational accuracy/range, system-sensor notices.
zone/Z03_Z04_Z05/valve	%	TABS valve opening, zone Z03_Z04_Z05 (basement)	TABS valve opening for zone Z03_Z04_Z05 (basement). Sensor: unknown (accuracy unknown, range 0% (closed) to 100% (fully open)). 19 [han24, Table 3] sensors total. Missing-data: Y1 0.39%, Y2 0%. [report, "Notices"] flags that on the second floor the open-office zones (Z21–Z27) are interconnected, so a zone's valve can stay closed even when local temperature drifts — neighbouring zone heating/airflow keeps the setpoint met. Don't expect 1:1 valve↔temperature alignment for floor-2 zones. Three system-wide valve gaps appear in Y1: 2022-12-17, 2023-01-28, 2023-02-13 (every zone simultaneous; likely BMS service events). Sources: [han24] Han et al. 2024, "A two-year dataset of energy, environment, and system operations for an ultra-low energy office building", Sci Data 11:938. https://doi.org/10.1038/s41597-024-03770-7; [report] Data Report.pdf (extras/Data Report/) — per-sensor missing-period tables, Appendix Table A operational accuracy/range, system-sensor notices.
zone/Z11/valve	%	TABS valve opening, zone Z11 (1st floor)	TABS valve opening for zone Z11 (1st floor). Sensor: unknown (accuracy unknown, range 0% (closed) to 100% (fully open)). 19 [han24, Table 3] sensors total. Missing-data: Y1 0.39%, Y2 0%. [report, "Notices"] flags that on the second floor the open-office zones (Z21–Z27) are interconnected, so a zone's valve can stay closed even when local temperature drifts — neighbouring zone heating/airflow keeps the setpoint met. Don't expect 1:1 valve↔temperature alignment for floor-2 zones. Three system-wide valve gaps appear in Y1: 2022-12-17, 2023-01-28, 2023-02-13 (every zone simultaneous; likely BMS service events). Sources: [han24] Han et al. 2024, "A two-year dataset of energy, environment, and system operations for an ultra-low energy office building", Sci Data 11:938. https://doi.org/10.1038/s41597-024-03770-7; [report] Data Report.pdf (extras/Data Report/) — per-sensor missing-period tables, Appendix Table A operational accuracy/range, system-sensor notices.
zone/Z12/valve	%	TABS valve opening, zone Z12 (1st floor)	TABS valve opening for zone Z12 (1st floor). Sensor: unknown (accuracy unknown, range 0% (closed) to 100% (fully open)). 19 [han24, Table 3] sensors total. Missing-data: Y1 0.39%, Y2 0%. [report, "Notices"] flags that on the second floor the open-office zones (Z21–Z27) are interconnected, so a zone's valve can stay closed even when local temperature drifts — neighbouring zone heating/airflow keeps the setpoint met. Don't expect 1:1 valve↔temperature alignment for floor-2 zones. Three system-wide valve gaps appear in Y1: 2022-12-17, 2023-01-28, 2023-02-13 (every zone simultaneous; likely BMS service events). Sources: [han24] Han et al. 2024, "A two-year dataset of energy, environment, and system operations for an ultra-low energy office building", Sci Data 11:938. https://doi.org/10.1038/s41597-024-03770-7; [report] Data Report.pdf (extras/Data Report/) — per-sensor missing-period tables, Appendix Table A operational accuracy/range, system-sensor notices.
zone/Z13/valve	%	TABS valve opening, zone Z13 (1st floor)	TABS valve opening for zone Z13 (1st floor). Sensor: unknown (accuracy unknown, range 0% (closed) to 100% (fully open)). 19 [han24, Table 3] sensors total. Missing-data: Y1 0.39%, Y2 0%. [report, "Notices"] flags that on the second floor the open-office zones (Z21–Z27) are interconnected, so a zone's valve can stay closed even when local temperature drifts — neighbouring zone heating/airflow keeps the setpoint met. Don't expect 1:1 valve↔temperature alignment for floor-2 zones. Three system-wide valve gaps appear in Y1: 2022-12-17, 2023-01-28, 2023-02-13 (every zone simultaneous; likely BMS service events). Sources: [han24] Han et al. 2024, "A two-year dataset of energy, environment, and system operations for an ultra-low energy office building", Sci Data 11:938. https://doi.org/10.1038/s41597-024-03770-7; [report] Data Report.pdf (extras/Data Report/) — per-sensor missing-period tables, Appendix Table A operational accuracy/range, system-sensor notices.
zone/Z14/valve	%	TABS valve opening, zone Z14 (1st floor)	TABS valve opening for zone Z14 (1st floor). Sensor: unknown (accuracy unknown, range 0% (closed) to 100% (fully open)). 19 [han24, Table 3] sensors total. Missing-data: Y1 0.39%, Y2 0%. [report, "Notices"] flags that on the second floor the open-office zones (Z21–Z27) are interconnected, so a zone's valve can stay closed even when local temperature drifts — neighbouring zone heating/airflow keeps the setpoint met. Don't expect 1:1 valve↔temperature alignment for floor-2 zones. Three system-wide valve gaps appear in Y1: 2022-12-17, 2023-01-28, 2023-02-13 (every zone simultaneous; likely BMS service events). Sources: [han24] Han et al. 2024, "A two-year dataset of energy, environment, and system operations for an ultra-low energy office building", Sci Data 11:938. https://doi.org/10.1038/s41597-024-03770-7; [report] Data Report.pdf (extras/Data Report/) — per-sensor missing-period tables, Appendix Table A operational accuracy/range, system-sensor notices.
zone/Z15/valve	%	TABS valve opening, zone Z15 (1st floor)	TABS valve opening for zone Z15 (1st floor). Sensor: unknown (accuracy unknown, range 0% (closed) to 100% (fully open)). 19 [han24, Table 3] sensors total. Missing-data: Y1 0.39%, Y2 0%. [report, "Notices"] flags that on the second floor the open-office zones (Z21–Z27) are interconnected, so a zone's valve can stay closed even when local temperature drifts — neighbouring zone heating/airflow keeps the setpoint met. Don't expect 1:1 valve↔temperature alignment for floor-2 zones. Three system-wide valve gaps appear in Y1: 2022-12-17, 2023-01-28, 2023-02-13 (every zone simultaneous; likely BMS service events). Sources: [han24] Han et al. 2024, "A two-year dataset of energy, environment, and system operations for an ultra-low energy office building", Sci Data 11:938. https://doi.org/10.1038/s41597-024-03770-7; [report] Data Report.pdf (extras/Data Report/) — per-sensor missing-period tables, Appendix Table A operational accuracy/range, system-sensor notices.
zone/Z16_Z17/valve	%	TABS valve opening, zone Z16_Z17 (1st floor)	TABS valve opening for zone Z16_Z17 (1st floor). Sensor: unknown (accuracy unknown, range 0% (closed) to 100% (fully open)). 19 [han24, Table 3] sensors total. Missing-data: Y1 0.39%, Y2 0%. [report, "Notices"] flags that on the second floor the open-office zones (Z21–Z27) are interconnected, so a zone's valve can stay closed even when local temperature drifts — neighbouring zone heating/airflow keeps the setpoint met. Don't expect 1:1 valve↔temperature alignment for floor-2 zones. Three system-wide valve gaps appear in Y1: 2022-12-17, 2023-01-28, 2023-02-13 (every zone simultaneous; likely BMS service events). Sources: [han24] Han et al. 2024, "A two-year dataset of energy, environment, and system operations for an ultra-low energy office building", Sci Data 11:938. https://doi.org/10.1038/s41597-024-03770-7; [report] Data Report.pdf (extras/Data Report/) — per-sensor missing-period tables, Appendix Table A operational accuracy/range, system-sensor notices.
zone/Z21/valve	%	TABS valve opening, zone Z21 (2nd floor)	TABS valve opening for zone Z21 (2nd floor). Sensor: unknown (accuracy unknown, range 0% (closed) to 100% (fully open)). 19 [han24, Table 3] sensors total. Missing-data: Y1 0.39%, Y2 0%. [report, "Notices"] flags that on the second floor the open-office zones (Z21–Z27) are interconnected, so a zone's valve can stay closed even when local temperature drifts — neighbouring zone heating/airflow keeps the setpoint met. Don't expect 1:1 valve↔temperature alignment for floor-2 zones. Three system-wide valve gaps appear in Y1: 2022-12-17, 2023-01-28, 2023-02-13 (every zone simultaneous; likely BMS service events). Sources: [han24] Han et al. 2024, "A two-year dataset of energy, environment, and system operations for an ultra-low energy office building", Sci Data 11:938. https://doi.org/10.1038/s41597-024-03770-7; [report] Data Report.pdf (extras/Data Report/) — per-sensor missing-period tables, Appendix Table A operational accuracy/range, system-sensor notices.
zone/Z22/valve	%	TABS valve opening, zone Z22 (2nd floor)	TABS valve opening for zone Z22 (2nd floor). Sensor: unknown (accuracy unknown, range 0% (closed) to 100% (fully open)). 19 [han24, Table 3] sensors total. Missing-data: Y1 0.39%, Y2 0%. [report, "Notices"] flags that on the second floor the open-office zones (Z21–Z27) are interconnected, so a zone's valve can stay closed even when local temperature drifts — neighbouring zone heating/airflow keeps the setpoint met. Don't expect 1:1 valve↔temperature alignment for floor-2 zones. Three system-wide valve gaps appear in Y1: 2022-12-17, 2023-01-28, 2023-02-13 (every zone simultaneous; likely BMS service events). Sources: [han24] Han et al. 2024, "A two-year dataset of energy, environment, and system operations for an ultra-low energy office building", Sci Data 11:938. https://doi.org/10.1038/s41597-024-03770-7; [report] Data Report.pdf (extras/Data Report/) — per-sensor missing-period tables, Appendix Table A operational accuracy/range, system-sensor notices.
zone/Z23/valve	%	TABS valve opening, zone Z23 (2nd floor)	TABS valve opening for zone Z23 (2nd floor). Sensor: unknown (accuracy unknown, range 0% (closed) to 100% (fully open)). 19 [han24, Table 3] sensors total. Missing-data: Y1 0.39%, Y2 0%. [report, "Notices"] flags that on the second floor the open-office zones (Z21–Z27) are interconnected, so a zone's valve can stay closed even when local temperature drifts — neighbouring zone heating/airflow keeps the setpoint met. Don't expect 1:1 valve↔temperature alignment for floor-2 zones. Three system-wide valve gaps appear in Y1: 2022-12-17, 2023-01-28, 2023-02-13 (every zone simultaneous; likely BMS service events). Sources: [han24] Han et al. 2024, "A two-year dataset of energy, environment, and system operations for an ultra-low energy office building", Sci Data 11:938. https://doi.org/10.1038/s41597-024-03770-7; [report] Data Report.pdf (extras/Data Report/) — per-sensor missing-period tables, Appendix Table A operational accuracy/range, system-sensor notices.
zone/Z24/valve	%	TABS valve opening, zone Z24 (2nd floor)	TABS valve opening for zone Z24 (2nd floor). Sensor: unknown (accuracy unknown, range 0% (closed) to 100% (fully open)). 19 [han24, Table 3] sensors total. Missing-data: Y1 0.39%, Y2 0%. [report, "Notices"] flags that on the second floor the open-office zones (Z21–Z27) are interconnected, so a zone's valve can stay closed even when local temperature drifts — neighbouring zone heating/airflow keeps the setpoint met. Don't expect 1:1 valve↔temperature alignment for floor-2 zones. Three system-wide valve gaps appear in Y1: 2022-12-17, 2023-01-28, 2023-02-13 (every zone simultaneous; likely BMS service events). Sources: [han24] Han et al. 2024, "A two-year dataset of energy, environment, and system operations for an ultra-low energy office building", Sci Data 11:938. https://doi.org/10.1038/s41597-024-03770-7; [report] Data Report.pdf (extras/Data Report/) — per-sensor missing-period tables, Appendix Table A operational accuracy/range, system-sensor notices.
zone/Z25/valve	%	TABS valve opening, zone Z25 (2nd floor)	TABS valve opening for zone Z25 (2nd floor). Sensor: unknown (accuracy unknown, range 0% (closed) to 100% (fully open)). 19 [han24, Table 3] sensors total. Missing-data: Y1 0.39%, Y2 0%. [report, "Notices"] flags that on the second floor the open-office zones (Z21–Z27) are interconnected, so a zone's valve can stay closed even when local temperature drifts — neighbouring zone heating/airflow keeps the setpoint met. Don't expect 1:1 valve↔temperature alignment for floor-2 zones. Three system-wide valve gaps appear in Y1: 2022-12-17, 2023-01-28, 2023-02-13 (every zone simultaneous; likely BMS service events). Sources: [han24] Han et al. 2024, "A two-year dataset of energy, environment, and system operations for an ultra-low energy office building", Sci Data 11:938. https://doi.org/10.1038/s41597-024-03770-7; [report] Data Report.pdf (extras/Data Report/) — per-sensor missing-period tables, Appendix Table A operational accuracy/range, system-sensor notices.
zone/Z26/valve	%	TABS valve opening, zone Z26 (2nd floor)	TABS valve opening for zone Z26 (2nd floor). Sensor: unknown (accuracy unknown, range 0% (closed) to 100% (fully open)). 19 [han24, Table 3] sensors total. Missing-data: Y1 0.39%, Y2 0%. [report, "Notices"] flags that on the second floor the open-office zones (Z21–Z27) are interconnected, so a zone's valve can stay closed even when local temperature drifts — neighbouring zone heating/airflow keeps the setpoint met. Don't expect 1:1 valve↔temperature alignment for floor-2 zones. Three system-wide valve gaps appear in Y1: 2022-12-17, 2023-01-28, 2023-02-13 (every zone simultaneous; likely BMS service events). Sources: [han24] Han et al. 2024, "A two-year dataset of energy, environment, and system operations for an ultra-low energy office building", Sci Data 11:938. https://doi.org/10.1038/s41597-024-03770-7; [report] Data Report.pdf (extras/Data Report/) — per-sensor missing-period tables, Appendix Table A operational accuracy/range, system-sensor notices.
zone/Z27/valve	%	TABS valve opening, zone Z27 (2nd floor)	TABS valve opening for zone Z27 (2nd floor). Sensor: unknown (accuracy unknown, range 0% (closed) to 100% (fully open)). 19 [han24, Table 3] sensors total. Missing-data: Y1 0.39%, Y2 0%. [report, "Notices"] flags that on the second floor the open-office zones (Z21–Z27) are interconnected, so a zone's valve can stay closed even when local temperature drifts — neighbouring zone heating/airflow keeps the setpoint met. Don't expect 1:1 valve↔temperature alignment for floor-2 zones. Three system-wide valve gaps appear in Y1: 2022-12-17, 2023-01-28, 2023-02-13 (every zone simultaneous; likely BMS service events). Sources: [han24] Han et al. 2024, "A two-year dataset of energy, environment, and system operations for an ultra-low energy office building", Sci Data 11:938. https://doi.org/10.1038/s41597-024-03770-7; [report] Data Report.pdf (extras/Data Report/) — per-sensor missing-period tables, Appendix Table A operational accuracy/range, system-sensor notices.
zone/Z31/valve	%	TABS valve opening, zone Z31 (3rd floor)	TABS valve opening for zone Z31 (3rd floor). Sensor: unknown (accuracy unknown, range 0% (closed) to 100% (fully open)). 19 [han24, Table 3] sensors total. Missing-data: Y1 0.39%, Y2 0%. [report, "Notices"] flags that on the second floor the open-office zones (Z21–Z27) are interconnected, so a zone's valve can stay closed even when local temperature drifts — neighbouring zone heating/airflow keeps the setpoint met. Don't expect 1:1 valve↔temperature alignment for floor-2 zones. Three system-wide valve gaps appear in Y1: 2022-12-17, 2023-01-28, 2023-02-13 (every zone simultaneous; likely BMS service events). Sources: [han24] Han et al. 2024, "A two-year dataset of energy, environment, and system operations for an ultra-low energy office building", Sci Data 11:938. https://doi.org/10.1038/s41597-024-03770-7; [report] Data Report.pdf (extras/Data Report/) — per-sensor missing-period tables, Appendix Table A operational accuracy/range, system-sensor notices.
zone/Z32/valve	%	TABS valve opening, zone Z32 (3rd floor)	TABS valve opening for zone Z32 (3rd floor). Sensor: unknown (accuracy unknown, range 0% (closed) to 100% (fully open)). 19 [han24, Table 3] sensors total. Missing-data: Y1 0.39%, Y2 0%. [report, "Notices"] flags that on the second floor the open-office zones (Z21–Z27) are interconnected, so a zone's valve can stay closed even when local temperature drifts — neighbouring zone heating/airflow keeps the setpoint met. Don't expect 1:1 valve↔temperature alignment for floor-2 zones. Three system-wide valve gaps appear in Y1: 2022-12-17, 2023-01-28, 2023-02-13 (every zone simultaneous; likely BMS service events). Sources: [han24] Han et al. 2024, "A two-year dataset of energy, environment, and system operations for an ultra-low energy office building", Sci Data 11:938. https://doi.org/10.1038/s41597-024-03770-7; [report] Data Report.pdf (extras/Data Report/) — per-sensor missing-period tables, Appendix Table A operational accuracy/range, system-sensor notices.
zone/Z33/valve	%	TABS valve opening, zone Z33 (3rd floor)	TABS valve opening for zone Z33 (3rd floor). Sensor: unknown (accuracy unknown, range 0% (closed) to 100% (fully open)). 19 [han24, Table 3] sensors total. Missing-data: Y1 0.39%, Y2 0%. [report, "Notices"] flags that on the second floor the open-office zones (Z21–Z27) are interconnected, so a zone's valve can stay closed even when local temperature drifts — neighbouring zone heating/airflow keeps the setpoint met. Don't expect 1:1 valve↔temperature alignment for floor-2 zones. Three system-wide valve gaps appear in Y1: 2022-12-17, 2023-01-28, 2023-02-13 (every zone simultaneous; likely BMS service events). Sources: [han24] Han et al. 2024, "A two-year dataset of energy, environment, and system operations for an ultra-low energy office building", Sci Data 11:938. https://doi.org/10.1038/s41597-024-03770-7; [report] Data Report.pdf (extras/Data Report/) — per-sensor missing-period tables, Appendix Table A operational accuracy/range, system-sensor notices.
zone/Z01/solar_damper	%	solar damper opening, zone Z01 (basement)	Solar damper opening for zone Z01 (basement). Sensor: unknown (range 0% (closed) to 100% (fully open)). Only one solar damper in the dataset (basement Z01).
zone/Z01/window_opening/south	%	window opening, zone Z01 (south-facing window, basement)	Window opening for zone Z01 (south-facing window, basement). Sensor: unknown (range 0% (closed) to 100% (fully open)). 33 windows + skylights [han24, Table 3] sensors total. Missing-data: Y1 0.06%, Y2 0%. Sources: [han24] Han et al. 2024, "A two-year dataset of energy, environment, and system operations for an ultra-low energy office building", Sci Data 11:938. https://doi.org/10.1038/s41597-024-03770-7.
zone/Z03/window_opening/north	%	window opening, zone Z03 (north-facing window, basement)	Window opening for zone Z03 (north-facing window, basement). Sensor: unknown (range 0% (closed) to 100% (fully open)). 33 windows + skylights [han24, Table 3] sensors total. Missing-data: Y1 0.06%, Y2 0%. Sources: [han24] Han et al. 2024, "A two-year dataset of energy, environment, and system operations for an ultra-low energy office building", Sci Data 11:938. https://doi.org/10.1038/s41597-024-03770-7.
zone/Z04/window_opening/north	%	window opening, zone Z04 (north-facing window, basement)	Window opening for zone Z04 (north-facing window, basement). Sensor: unknown (range 0% (closed) to 100% (fully open)). 33 windows + skylights [han24, Table 3] sensors total. Missing-data: Y1 0.06%, Y2 0%. Sources: [han24] Han et al. 2024, "A two-year dataset of energy, environment, and system operations for an ultra-low energy office building", Sci Data 11:938. https://doi.org/10.1038/s41597-024-03770-7.
zone/Z05/window_opening/north	%	window opening, zone Z05 (north-facing window, basement)	Window opening for zone Z05 (north-facing window, basement). Sensor: unknown (range 0% (closed) to 100% (fully open)). 33 windows + skylights [han24, Table 3] sensors total. Missing-data: Y1 0.06%, Y2 0%. Sources: [han24] Han et al. 2024, "A two-year dataset of energy, environment, and system operations for an ultra-low energy office building", Sci Data 11:938. https://doi.org/10.1038/s41597-024-03770-7.
zone/Z11/window_opening/east	%	window opening, zone Z11 (east-facing window, 1st floor)	Window opening for zone Z11 (east-facing window, 1st floor). Sensor: unknown (range 0% (closed) to 100% (fully open)). 33 windows + skylights [han24, Table 3] sensors total. Missing-data: Y1 0.06%, Y2 0%. Sources: [han24] Han et al. 2024, "A two-year dataset of energy, environment, and system operations for an ultra-low energy office building", Sci Data 11:938. https://doi.org/10.1038/s41597-024-03770-7.
zone/Z11/window_opening/south	%	window opening, zone Z11 (south-facing window, 1st floor)	Window opening for zone Z11 (south-facing window, 1st floor). Sensor: unknown (range 0% (closed) to 100% (fully open)). 33 windows + skylights [han24, Table 3] sensors total. Missing-data: Y1 0.06%, Y2 0%. Sources: [han24] Han et al. 2024, "A two-year dataset of energy, environment, and system operations for an ultra-low energy office building", Sci Data 11:938. https://doi.org/10.1038/s41597-024-03770-7.
zone/Z12/window_opening/south	%	window opening, zone Z12 (south-facing window, 1st floor)	Window opening for zone Z12 (south-facing window, 1st floor). Sensor: unknown (range 0% (closed) to 100% (fully open)). 33 windows + skylights [han24, Table 3] sensors total. Missing-data: Y1 0.06%, Y2 0%. Sources: [han24] Han et al. 2024, "A two-year dataset of energy, environment, and system operations for an ultra-low energy office building", Sci Data 11:938. https://doi.org/10.1038/s41597-024-03770-7.
zone/Z13/window_opening/south	%	window opening, zone Z13 (south-facing window, 1st floor)	Window opening for zone Z13 (south-facing window, 1st floor). Sensor: unknown (range 0% (closed) to 100% (fully open)). 33 windows + skylights [han24, Table 3] sensors total. Missing-data: Y1 0.06%, Y2 0%. Sources: [han24] Han et al. 2024, "A two-year dataset of energy, environment, and system operations for an ultra-low energy office building", Sci Data 11:938. https://doi.org/10.1038/s41597-024-03770-7.
zone/Z13/window_opening/west	%	window opening, zone Z13 (west-facing window, 1st floor)	Window opening for zone Z13 (west-facing window, 1st floor). Sensor: unknown (range 0% (closed) to 100% (fully open)). 33 windows + skylights [han24, Table 3] sensors total. Missing-data: Y1 0.06%, Y2 0%. Sources: [han24] Han et al. 2024, "A two-year dataset of energy, environment, and system operations for an ultra-low energy office building", Sci Data 11:938. https://doi.org/10.1038/s41597-024-03770-7.
zone/Z15/window_opening/west	%	window opening, zone Z15 (west-facing window, 1st floor)	Window opening for zone Z15 (west-facing window, 1st floor). Sensor: unknown (range 0% (closed) to 100% (fully open)). 33 windows + skylights [han24, Table 3] sensors total. Missing-data: Y1 0.06%, Y2 0%. Sources: [han24] Han et al. 2024, "A two-year dataset of energy, environment, and system operations for an ultra-low energy office building", Sci Data 11:938. https://doi.org/10.1038/s41597-024-03770-7.
zone/Z15/window_opening/north	%	window opening, zone Z15 (north-facing window, 1st floor)	Window opening for zone Z15 (north-facing window, 1st floor). Sensor: unknown (range 0% (closed) to 100% (fully open)). 33 windows + skylights [han24, Table 3] sensors total. Missing-data: Y1 0.06%, Y2 0%. Sources: [han24] Han et al. 2024, "A two-year dataset of energy, environment, and system operations for an ultra-low energy office building", Sci Data 11:938. https://doi.org/10.1038/s41597-024-03770-7.
zone/Z16/window_opening/north	%	window opening, zone Z16 (north-facing window, 1st floor)	Window opening for zone Z16 (north-facing window, 1st floor). Sensor: unknown (range 0% (closed) to 100% (fully open)). 33 windows + skylights [han24, Table 3] sensors total. Missing-data: Y1 0.06%, Y2 0%. Sources: [han24] Han et al. 2024, "A two-year dataset of energy, environment, and system operations for an ultra-low energy office building", Sci Data 11:938. https://doi.org/10.1038/s41597-024-03770-7.
zone/Z17/window_opening/north	%	window opening, zone Z17 (north-facing window, 1st floor)	Window opening for zone Z17 (north-facing window, 1st floor). Sensor: unknown (range 0% (closed) to 100% (fully open)). 33 windows + skylights [han24, Table 3] sensors total. Missing-data: Y1 0.06%, Y2 0%. Sources: [han24] Han et al. 2024, "A two-year dataset of energy, environment, and system operations for an ultra-low energy office building", Sci Data 11:938. https://doi.org/10.1038/s41597-024-03770-7.
zone/Z21/window_opening/east	%	window opening, zone Z21 (east-facing window, 2nd floor)	Window opening for zone Z21 (east-facing window, 2nd floor). Sensor: unknown (range 0% (closed) to 100% (fully open)). 33 windows + skylights [han24, Table 3] sensors total. Missing-data: Y1 0.06%, Y2 0%. Sources: [han24] Han et al. 2024, "A two-year dataset of energy, environment, and system operations for an ultra-low energy office building", Sci Data 11:938. https://doi.org/10.1038/s41597-024-03770-7.
zone/Z21/window_opening/south	%	window opening, zone Z21 (south-facing window, 2nd floor)	Window opening for zone Z21 (south-facing window, 2nd floor). Sensor: unknown (range 0% (closed) to 100% (fully open)). 33 windows + skylights [han24, Table 3] sensors total. Missing-data: Y1 0.06%, Y2 0%. Sources: [han24] Han et al. 2024, "A two-year dataset of energy, environment, and system operations for an ultra-low energy office building", Sci Data 11:938. https://doi.org/10.1038/s41597-024-03770-7.
zone/Z22/window_opening/south	%	window opening, zone Z22 (south-facing window, 2nd floor)	Window opening for zone Z22 (south-facing window, 2nd floor). Sensor: unknown (range 0% (closed) to 100% (fully open)). 33 windows + skylights [han24, Table 3] sensors total. Missing-data: Y1 0.06%, Y2 0%. Sources: [han24] Han et al. 2024, "A two-year dataset of energy, environment, and system operations for an ultra-low energy office building", Sci Data 11:938. https://doi.org/10.1038/s41597-024-03770-7.
zone/Z23/window_opening/south	%	window opening, zone Z23 (south-facing window, 2nd floor)	Window opening for zone Z23 (south-facing window, 2nd floor). Sensor: unknown (range 0% (closed) to 100% (fully open)). 33 windows + skylights [han24, Table 3] sensors total. Missing-data: Y1 0.06%, Y2 0%. Sources: [han24] Han et al. 2024, "A two-year dataset of energy, environment, and system operations for an ultra-low energy office building", Sci Data 11:938. https://doi.org/10.1038/s41597-024-03770-7.
zone/Z23/window_opening/west	%	window opening, zone Z23 (west-facing window, 2nd floor)	Window opening for zone Z23 (west-facing window, 2nd floor). Sensor: unknown (range 0% (closed) to 100% (fully open)). 33 windows + skylights [han24, Table 3] sensors total. Missing-data: Y1 0.06%, Y2 0%. Sources: [han24] Han et al. 2024, "A two-year dataset of energy, environment, and system operations for an ultra-low energy office building", Sci Data 11:938. https://doi.org/10.1038/s41597-024-03770-7.
zone/Z24/window_opening/west	%	window opening, zone Z24 (west-facing window, 2nd floor)	Window opening for zone Z24 (west-facing window, 2nd floor). Sensor: unknown (range 0% (closed) to 100% (fully open)). One of 34 window-opening sensors [report, System Sensors table]. Sources: [report] Data Report.pdf (extras/Data Report/); [han24] Han et al. 2024, "A two-year dataset of energy, environment, and system operations for an ultra-low energy office building", Sci Data 11:938. https://doi.org/10.1038/s41597-024-03770-7.
zone/Z25/window_opening/west	%	window opening, zone Z25 (west-facing window, 2nd floor)	Window opening for zone Z25 (west-facing window, 2nd floor). Sensor: unknown (range 0% (closed) to 100% (fully open)). 33 windows + skylights [han24, Table 3] sensors total. Missing-data: Y1 0.06%, Y2 0%. Sources: [han24] Han et al. 2024, "A two-year dataset of energy, environment, and system operations for an ultra-low energy office building", Sci Data 11:938. https://doi.org/10.1038/s41597-024-03770-7.
zone/Z25/window_opening/north	%	window opening, zone Z25 (north-facing window, 2nd floor)	Window opening for zone Z25 (north-facing window, 2nd floor). Sensor: unknown (range 0% (closed) to 100% (fully open)). 33 windows + skylights [han24, Table 3] sensors total. Missing-data: Y1 0.06%, Y2 0%. Sources: [han24] Han et al. 2024, "A two-year dataset of energy, environment, and system operations for an ultra-low energy office building", Sci Data 11:938. https://doi.org/10.1038/s41597-024-03770-7.
zone/Z26/window_opening/north	%	window opening, zone Z26 (north-facing window, 2nd floor)	Window opening for zone Z26 (north-facing window, 2nd floor). Sensor: unknown (range 0% (closed) to 100% (fully open)). 33 windows + skylights [han24, Table 3] sensors total. Missing-data: Y1 0.06%, Y2 0%. Sources: [han24] Han et al. 2024, "A two-year dataset of energy, environment, and system operations for an ultra-low energy office building", Sci Data 11:938. https://doi.org/10.1038/s41597-024-03770-7.
zone/Z27/window_opening/north	%	window opening, zone Z27 (north-facing window, 2nd floor)	Window opening for zone Z27 (north-facing window, 2nd floor). Sensor: unknown (range 0% (closed) to 100% (fully open)). 33 windows + skylights [han24, Table 3] sensors total. Missing-data: Y1 0.06%, Y2 0%. Sources: [han24] Han et al. 2024, "A two-year dataset of energy, environment, and system operations for an ultra-low energy office building", Sci Data 11:938. https://doi.org/10.1038/s41597-024-03770-7.
zone/Z31/window_opening/south	%	window opening, zone Z31 (south-facing window, 3rd floor)	Window opening for zone Z31 (south-facing window, 3rd floor). Sensor: unknown (range 0% (closed) to 100% (fully open)). 33 windows + skylights [han24, Table 3] sensors total. Missing-data: Y1 0.06%, Y2 0%. Sources: [han24] Han et al. 2024, "A two-year dataset of energy, environment, and system operations for an ultra-low energy office building", Sci Data 11:938. https://doi.org/10.1038/s41597-024-03770-7.
zone/Z32/window_opening/west	%	window opening, zone Z32 (west-facing window, 3rd floor)	Window opening for zone Z32 (west-facing window, 3rd floor). Sensor: unknown (range 0% (closed) to 100% (fully open)). 33 windows + skylights [han24, Table 3] sensors total. Missing-data: Y1 0.06%, Y2 0%. Sources: [han24] Han et al. 2024, "A two-year dataset of energy, environment, and system operations for an ultra-low energy office building", Sci Data 11:938. https://doi.org/10.1038/s41597-024-03770-7.
zone/Z33/window_opening/north	%	window opening, zone Z33 (north-facing window, 3rd floor)	Window opening for zone Z33 (north-facing window, 3rd floor). Sensor: unknown (range 0% (closed) to 100% (fully open)). 33 windows + skylights [han24, Table 3] sensors total. Missing-data: Y1 0.06%, Y2 0%. Sources: [han24] Han et al. 2024, "A two-year dataset of energy, environment, and system operations for an ultra-low energy office building", Sci Data 11:938. https://doi.org/10.1038/s41597-024-03770-7.
zone/Z21/window_opening/sky	%	window opening, zone Z21 (sky-facing window, 2nd floor)	Window opening for zone Z21 (sky-facing window, 2nd floor). Sensor: unknown (range 0% (closed) to 100% (fully open)). 33 windows + skylights [han24, Table 3] sensors total. Missing-data: Y1 0.06%, Y2 0%. Sources: [han24] Han et al. 2024, "A two-year dataset of energy, environment, and system operations for an ultra-low energy office building", Sci Data 11:938. https://doi.org/10.1038/s41597-024-03770-7.
zone/Z23/window_opening/sky	%	window opening, zone Z23 (sky-facing window, 2nd floor)	Window opening for zone Z23 (sky-facing window, 2nd floor). Sensor: unknown (range 0% (closed) to 100% (fully open)). 33 windows + skylights [han24, Table 3] sensors total. Missing-data: Y1 0.06%, Y2 0%. Sources: [han24] Han et al. 2024, "A two-year dataset of energy, environment, and system operations for an ultra-low energy office building", Sci Data 11:938. https://doi.org/10.1038/s41597-024-03770-7.
zone/Z24/window_opening/sky	%	window opening, zone Z24 (sky-facing window, 2nd floor)	Window opening for zone Z24 (sky-facing window, 2nd floor). Sensor: unknown (range 0% (closed) to 100% (fully open)). 33 windows + skylights [han24, Table 3] sensors total. Missing-data: Y1 0.06%, Y2 0%. Sources: [han24] Han et al. 2024, "A two-year dataset of energy, environment, and system operations for an ultra-low energy office building", Sci Data 11:938. https://doi.org/10.1038/s41597-024-03770-7.
zone/Z25/window_opening/sky	%	window opening, zone Z25 (sky-facing window, 2nd floor)	Window opening for zone Z25 (sky-facing window, 2nd floor). Sensor: unknown (range 0% (closed) to 100% (fully open)). 33 windows + skylights [han24, Table 3] sensors total. Missing-data: Y1 0.06%, Y2 0%. Sources: [han24] Han et al. 2024, "A two-year dataset of energy, environment, and system operations for an ultra-low energy office building", Sci Data 11:938. https://doi.org/10.1038/s41597-024-03770-7.
zone/Z27/window_opening/sky	%	window opening, zone Z27 (sky-facing window, 2nd floor)	Window opening for zone Z27 (sky-facing window, 2nd floor). Sensor: unknown (range 0% (closed) to 100% (fully open)). 33 windows + skylights [han24, Table 3] sensors total. Missing-data: Y1 0.06%, Y2 0%. Sources: [han24] Han et al. 2024, "A two-year dataset of energy, environment, and system operations for an ultra-low energy office building", Sci Data 11:938. https://doi.org/10.1038/s41597-024-03770-7.
zone/Z31/window_opening/sky	%	window opening, zone Z31 (sky-facing window, 3rd floor)	Window opening for zone Z31 (sky-facing window, 3rd floor). Sensor: unknown (range 0% (closed) to 100% (fully open)). 33 windows + skylights [han24, Table 3] sensors total. Missing-data: Y1 0.06%, Y2 0%. Sources: [han24] Han et al. 2024, "A two-year dataset of energy, environment, and system operations for an ultra-low energy office building", Sci Data 11:938. https://doi.org/10.1038/s41597-024-03770-7.
zone/Z33/window_opening/sky	%	window opening, zone Z33 (sky-facing window, 3rd floor)	Window opening for zone Z33 (sky-facing window, 3rd floor). Sensor: unknown (range 0% (closed) to 100% (fully open)). 33 windows + skylights [han24, Table 3] sensors total. Missing-data: Y1 0.06%, Y2 0%. Sources: [han24] Han et al. 2024, "A two-year dataset of energy, environment, and system operations for an ultra-low energy office building", Sci Data 11:938. https://doi.org/10.1038/s41597-024-03770-7.
